iterID,x1,x2,x3,x4,x5,x6,x7,x8,x9,x10,x11,x12,x13,x14,x15,x16,x17,x18,x19,x20,x21,x22,x23,x24,x25,x26,x27,x28,x29,x30,f1,f2,Expected_f1,Uncertainty_f1,Acquisition_f1,Expected_f2,Uncertainty_f2,Acquisition_f2,Hypervolume_indicator
0,0.6405880872093447,0.007151893663724195,0.5946938435514515,0.8838978642278712,0.16131289328473256,0.18016871673370038,0.7814198647542526,0.17341698114864731,0.19446394415483204,0.8825934150798702,0.48835646037583474,0.606229683229783,0.4903804468153506,0.5611646325416192,0.5077193086740897,0.279323939389605,0.6392291429063248,0.8957004687809277,0.4197176307611395,0.2109725799478764,0.5827334873653987,0.9947521403346227,0.15633997697744662,0.16750595022928988,0.5289882521930181,0.047038885835403665,0.5479895316400818,0.1604869029597553,0.4788476482229938,0.09960834658063,0.6405880872093447,3.167876376170156,0.0,0.0,0.0,0.0,0.0,0.0,2.4365220374361485
0,0.8369461090341638,0.14990345001560892,0.9073840244101542,0.14162954426046606,0.41004654836837184,0.2587739878917412,0.8709268519215816,0.3579122743101911,0.4288770083572732,0.2531823350917706,0.11370852799217888,0.457672100660541,0.7333965102385254,0.20133439431745606,0.8395512603447256,0.4274802279934327,0.7157245021815656,0.8615486941565448,0.1583918912225865,0.18886960781217418,0.4371187045089332,0.7557231701595862,0.18980580132787284,0.7719026050892334,0.34024272704622066,0.36783396645514804,0.352646495980028,0.6925803595674176,0.5630787409796003,0.08485627595934622,0.8369461090341638,2.9897122801099636,0.0,0.0,0.0,0.0,0.0,0.0,2.4365220374361485
0,0.22423706353455472,0.8103510737082715,0.25930818717297976,0.5251448034108955,0.5715484070340158,0.20477646502876418,0.028209932298479352,0.2740302600240429,0.8020478136193586,0.3555805123665726,0.17543678053828096,0.5838427317524232,0.6733851449277015,0.4554825628194209,0.6082426646970323,0.7261218087307055,0.7938163932039592,0.7364513853357166,0.9430176855216594,0.84120387394166,0.1550238945748926,0.9390161106951068,0.7395221581476011,0.4729612777341469,0.8433843741977874,0.8776463301095885,0.5015034975687137,0.5203426704035223,0.5191973798077127,0.31889447908815866,0.22423706353455472,4.880560963551494,0.0,0.0,0.0,0.0,0.0,0.0,2.4365220374361485
0,0.49016252788677367,0.4530329192141967,0.10333145152028643,0.49898087755126985,0.06934213997924794,0.7937193477984907,0.10132487634757983,0.758435903592732,0.774787726368177,0.02096098407893963,0.3359288027078116,0.7430354885065371,0.3494385085735082,0.05866382325928629,0.23221396446292772,0.000871292997015407,0.49531494278331306,0.6361703521064113,0.05729990562424058,0.02118727718954244,0.07253941642595027,0.9112474018780937,0.10055374320421198,0.3129084090665674,0.3302095006926773,0.9580104202782577,0.7899610044030124,0.31522175869002117,0.4689863766840827,0.8481873908434728,0.49016252788677367,3.101499915752811,0.0,0.0,0.0,0.0,0.0,0.0,2.4365220374361485
0,0.982048776928976,0.41104736106681294,0.518754513240933,0.4644447895535227,0.7496202325335573,0.15233420255468097,0.3351492220193677,0.522289075997244,0.3322864655098295,0.23842776862684842,0.27487676323538207,0.9215576257657342,0.930050518700051,0.12636061055447143,0.7360378290384256,0.20343391728790916,0.3425438240111763,0.32290248042559927,0.007781567509498505,0.3758319283099053,0.5418531291957938,0.9235751960744093,0.45944032466428103,0.0892952931679219,0.41598315969364685,0.2747938454938919,0.1281552381876857,0.2825691664368667,0.22959142251977976,0.25844234961553025,0.982048776928976,2.467282290340481,0.0,0.0,0.0,0.0,0.0,0.0,2.4365220374361485
0,0.8088668322084746,0.8895370618196309,0.48397013666777633,0.6186182299197559,0.12882041410229889,0.058480082293222345,0.32482584241712104,0.6143018085763905,0.7951673871481805,0.21745398073947292,0.29727546991331527,0.5341162645950844,0.6985062799979898,0.8363382511315522,0.5148104244810987,0.6482399009400269,0.2168493443868356,0.8446509178414375,0.2814031601792342,0.17405942321968285,0.48983433978234575,0.12457223453353856,0.2521645726094421,0.6866797707246022,0.0866991654659091,0.4478119284396239,0.8006134553602464,0.9339269230688233,0.42051053064691923,0.7826289117701052,0.8088668322084746,3.316332316964032,0.0,0.0,0.0,0.0,0.0,0.0,2.4365220374361485
0,0.9215060652815523,0.3501350870662672,0.272885699576517,0.9310409193213347,0.5917820095493926,0.44866134706324734,0.534526535292057,0.8552632161195133,0.40098610368722815,0.9776877222305376,0.777221507657001,0.7254218695409247,0.7848110196401582,0.7825152273816861,0.3551122178757369,0.5669621920025062,0.1332670088176826,0.00832619845547938,0.21862062595851206,0.2415984528685419,0.9315280763544989,0.1594258359969793,0.019883738380592264,0.5074160310715232,0.9370343042335844,0.6555376607370608,0.8933758137532888,0.6616967811557407,0.3077311005250542,0.931230167591765,0.9215060652815523,3.6113404364703627,0.0,0.0,0.0,0.0,0.0,0.0,2.4365220374361485
0,0.047252542798196406,0.46030192773268713,0.1524942004105645,0.20063207618338633,0.5092961873944676,0.6931750369918669,0.9133612308636548,0.4140168818500399,0.8787196839615015,0.20367927580537043,0.5698292647799587,0.6260817158567678,0.5689965170332767,0.5394306226060278,0.1523780724253904,0.5129824579870551,0.10420539466680098,0.07215507677113558,0.47533977923628795,0.640603794820256,0.00978618342232764,0.09136900271685598,0.8777480385716115,0.5445180701808449,0.5077054406161636,0.8076374686718822,0.7253887700432111,0.22634786322933695,0.5480493557215913,0.7592387830251136,0.047252542798196406,4.778838416584864,0.0,0.0,0.0,0.0,0.0,0.0,2.4365220374361485
0,0.3423583422410564,0.23029190234848915,0.8755873099080649,0.3005938318800579,0.779809794008004,0.023687251706609642,0.34490419908436276,0.9981750879889679,0.5907412451791302,0.2851563834665125,0.989589616184965,0.14662504571532675,0.3106885196449337,0.825347081744166,0.6414803867927776,0.7053588298127611,0.9643797912910967,0.12959166603035221,0.5642023353647266,0.8865201285966862,0.9604143613173272,0.7201923205935155,0.1306807407397472,0.34727543609590755,0.8157659507736353,0.11681392510603837,0.791883995227828,0.21115834001300884,0.4867152769676576,0.9209321247404535,0.3423583422410564,4.562247219658483,0.0,0.0,0.0,0.0,0.0,0.0,2.4365220374361485
0,0.1497425621281805,0.3839231894006546,0.8671881571103754,0.5462946122700916,0.17622384428566004,0.7111492434998823,0.4890789845751063,0.5466285647855712,0.4610110749056349,0.9222213992176121,0.08355612737849956,0.12327720401557118,0.23080532003471846,0.9968889910738651,0.4466587139830984,0.5719600075428074,0.3831655021002709,0.4309781016147905,0.5820751273406737,0.11959433340833425,0.2893711704194052,0.4453232032825856,0.3626590562733679,0.29567846001477505,0.8900593875368307,0.7103340729261511,0.8550763546971776,0.29627734756195284,0.656981163757069,0.9440065741168986,0.1497425621281805,4.683195374632694,0.0,0.0,0.0,0.0,0.0,0.0,2.4365220374361485
0,0.895082713750462,0.6457575284503055,0.5337305452930521,0.8295210979139741,0.5149096638554047,0.031831913620071164,0.9696958237231225,0.5055099397018549,0.9385797857900112,0.9059042147503027,0.9435635090252202,0.6913426702371783,0.9697021294363625,0.9809823818465324,0.4062716071146186,0.11076956446986633,0.7892462281214263,0.6929530732233582,0.40773259126067024,0.7526307878029659,0.13015606064446827,0.35941667795389753,0.04435864925265627,0.46487148126917377,0.3763839010577695,0.39560450588709783,0.29866788543259093,0.6286266605793275,0.390194624673093,0.6266595141075442,0.895082713750462,3.738813977811315,0.0,0.0,0.0,0.0,0.0,0.0,2.4365220374361485
0,0.42259377384141517,0.6360718064013019,0.04956083634723224,0.6400924799422371,0.3686112300806579,0.8436725141256016,0.812962572712509,0.008917730007820798,0.864005104635815,0.050691669954551384,0.3447145731935427,0.2243176012765432,0.4498244488300071,0.3711052229405266,0.9536547352532599,0.6541376820806728,0.4661749726766729,0.6874910060664973,0.5134866519771837,0.9633192713479268,0.36295949833588925,0.28923305307558705,0.03699479275317504,0.4011861551836577,0.7284902863493566,0.4867789496961852,0.8865660509970988,0.7641889242651841,0.2887355682729077,0.4191634032983657,0.42259377384141517,3.993388795669958,0.0,0.0,0.0,0.0,0.0,0.0,2.4365220374361485
0,0.8241289661690833,0.9369021128151899,0.9534863322996829,0.4086031067834342,0.6512636752533061,0.006458941130666561,0.06535632803024959,0.13356706890402545,0.15730709099127477,0.030046954761925468,0.40041179791328124,0.6197037532783721,0.3347582619585722,0.2611752564290364,0.7201365540646228,0.24681739945069361,0.7728646463245987,0.9232901615872359,0.26250398212853576,0.7357563407286098,0.06311795881994102,0.2663970510607513,0.952439377895113,0.026924721193700197,0.221097844580625,0.011613095178849963,0.43883077597319137,0.1112886056546632,0.09972919489023131,0.3552067779148255,0.8241289661690833,2.5472370517224503,0.0,0.0,0.0,0.0,0.0,0.0,2.4365220374361485
0,0.843134205227349,0.5268864831698371,0.08517379107154115,0.4257360974696681,0.5567168985761086,0.6032585484200379,0.6409244818024697,0.7389037856111578,0.41085794600519837,0.7266176359460441,0.6617319323622859,0.7375693532512105,0.8806877784768384,0.9238613837984982,0.47298750310851945,0.8979930564172656,0.24277340271305242,0.6516207298502997,0.6853233607089733,0.3259106538083399,0.35000664218590205,0.8366968490085533,0.8186758085134165,0.5297901091900082,0.23153368877859345,0.3510890373884133,0.22703217496467215,0.41781581727681605,0.7254022280478619,0.36438255946971704,0.843134205227349,3.734898927478217,0.0,0.0,0.0,0.0,0.0,0.0,2.4365220374361485
0,0.7599490190735296,0.39388404117169107,0.49442873024622214,0.12456911421645765,0.9194641550890772,0.4810398807754342,0.8002323662670887,0.7096695594796673,0.6498320273829012,0.6808316477180811,0.14241418620076574,0.3217649938888906,0.19440263752829492,0.8929136152862599,0.6555268647110821,0.21147808676697272,0.9499994897021492,0.7228890677135735,0.1906107853706679,0.27159146236942244,0.9130919182777791,0.21581081929672064,0.6546080304229319,0.13251940988246094,0.7799053919392119,0.692459906059566,0.46118349434019473,0.6161559721910964,0.8411513785017642,0.3375324011959218,0.7599490190735296,3.6968091042171087,0.0,0.0,0.0,0.0,0.0,0.0,2.4365220374361485
0,0.7462386672526885,0.7783298847605564,0.7396740060174566,0.24895691291210204,0.37441374143332484,0.9369429148722638,0.8201702984211262,0.937340756777305,0.749514108146164,0.41062688862023644,0.7208046718397914,0.46556133179450476,0.18442035637729925,0.28694157851369123,0.9661076558978742,0.5926637039160909,0.8171907702355503,0.1428705151991963,0.291415064856219,0.4056769274883685,0.8614594789018151,0.5199835487709927,0.7589486974020099,0.3733044057260284,0.4229217736516752,0.3728085949463224,0.26954333815392695,0.2069824847781829,0.2729288856502702,0.43994233083220763,0.7462386672526885,3.694562878540273,0.0,0.0,0.0,0.0,0.0,0.0,2.4365220374361485
0,0.18002703213893503,0.7816548322833962,0.4245987520739452,0.9459275957854295,0.9330569537939668,0.9702521016879134,0.4286159096392556,0.49140439521371054,0.5720645141124632,0.19907875594354327,0.13401259500803608,0.024686512016477015,0.22614527699810322,0.32506312224023387,0.2449597029537347,0.2693256120385734,0.16455444149450027,0.40148378937677376,0.6388783430628348,0.12590984165323685,0.7533350739567518,0.43053733547353734,0.06377751839292481,0.7352808192790938,0.5738833316647446,0.40244569609020564,0.8187626193825032,0.08586410166186327,0.07277628706294732,0.22103298155085138,0.18002703213893503,3.930678402581241,0.0,0.0,0.0,0.0,0.0,0.0,2.4365220374361485
0,0.4848968491236455,0.5515309689683573,0.9774227156922979,0.6916480558984754,0.31475589117084846,0.874554363894644,0.7346602174382605,0.02097101275793061,0.16967794671798503,0.09874287966624948,0.37552581332510504,0.9401774795906177,0.540427631379478,0.3688502185121181,0.08903719739745933,0.3434999284363017,0.5888432422638913,0.963727367514376,0.17089494545032902,0.9744449372335835,0.8468327069644592,0.007991585642167237,0.16524970442254266,0.8279390838309877,0.2860021286813129,0.4691215095301159,0.31480060887820754,0.02093940510758442,0.25778171595450255,0.9969740037836576,0.4848968491236455,3.7304804470445836,0.0,0.0,0.0,0.0,0.0,0.0,2.4365220374361485
0,0.26139072701148613,0.37423587636714306,0.3021145479578241,0.7862278899410423,0.19952142697295422,0.8830420067584687,0.7404134637231655,0.5932074791604495,0.8319157101348648,0.7311380819802357,0.02976459465013396,0.8651909893933186,0.9228058997728483,0.590726000665476,0.7648843308793584,0.8261977208427599,0.26391796938564666,0.8820841401420211,0.4688728315123519,0.7947242884531652,0.6461476275061648,0.043675618700478966,0.44703189016015665,0.5537726893266577,0.9534306693242309,0.14348519369492563,0.5641595331462979,0.34853245976158514,0.3221383534680159,0.9539711199099606,0.26139072701148613,4.946953435135583,0.0,0.0,0.0,0.0,0.0,0.0,2.4365220374361485
0,0.5667262713925747,0.6951843230994268,0.696651828444119,0.7054562892457349,0.7365020033583359,0.8575712977780906,0.4496081252882268,0.030201075461874935,0.9143259664306786,0.15881720212333839,0.6897477442251047,0.8077260414363281,0.7571405378507389,0.7672433356387532,0.804069464002716,0.5446209752962745,0.518625592497841,0.4151208071592378,0.3230417355738925,0.23856276179622782,0.40982999134916537,0.6837554935508455,0.12951874476832737,0.7400549481780916,0.6777911099401936,0.6418511638887924,0.6657728401454298,0.7211458816967561,0.6880482296498973,0.2014768557820671,0.5667262713925747,4.302837422101563,0.0,0.0,0.0,0.0,0.0,0.0,2.4365220374361485
0,0.20174658385395006,0.5382101519512431,0.7256919597223094,0.22271252076761863,0.649277530793237,0.6355841002654589,0.9302201797888665,0.40815225040716374,0.04660173537492685,0.4568868342647868,0.4570798235465119,0.492913888205369,0.14246063184990965,0.6516632461371964,0.3919899093992549,0.1442408898843585,0.9527462211024805,0.6214584116587085,0.04652103270001689,0.7822712881689933,0.4558023787086346,0.534173331420626,0.8946710855754821,0.22737254242596477,0.038137978197024774,0.8668551271904578,0.5392906615726877,0.7098952508294503,0.7691072523484285,0.6048350065838396,0.20174658385395006,4.56928436632599,0.0,0.0,0.0,0.0,0.0,0.0,2.4365220374361485
0,0.28418109211748,0.8419085000416415,0.5022182403051,0.8694283944621102,0.5254686817880634,0.7591339215845716,0.2111732048038481,0.8053110377096864,0.7041443802522852,0.6522701777179606,0.8385132343788209,0.5170178576293586,0.0056804456109393235,0.634580209630888,0.7513307599018416,0.19247398755539155,0.1455468780866142,0.5158627732152062,0.666438640367226,0.34525808953076725,0.5064965649523584,0.8451833778745343,0.8417806588625572,0.032974369508551336,0.057936977033574207,0.9251462553600863,0.03881103197111162,0.8450668884391482,0.9647400258542191,0.7127793535720895,0.28418109211748,4.733925413688193,0.0,0.0,0.0,0.0,0.0,0.0,2.4365220374361485
0,0.9935103469937245,0.5735390411017979,0.7061048973502003,0.05615559564283844,0.6702523182728782,0.8190887655122281,0.14989409777284432,0.2301912289744869,0.028379449074988038,0.6251892567863716,0.905458536352464,0.3992539502529244,0.4631802863096039,0.6666033859597823,0.8114994138962167,0.8644969443030931,0.6825424008917961,0.479980227877581,0.4280079859906763,0.4136384477509164,0.8545438629809994,0.31973818696845985,0.7407247392424886,0.9047169306987564,0.6929257084694761,0.6780512748520784,0.14814966479370248,0.35975094680212044,0.5983654718061919,0.06896671293040343,0.9935103469937245,3.3681966403276924,0.0,0.0,0.0,0.0,0.0,0.0,2.4365220374361485
0,0.3190314964685157,0.6208105378863407,0.4088826504054405,0.8996622113512417,0.4295504668100628,0.21958740923056594,0.09941377704706499,0.8140929531223476,0.18509807196621583,0.14288398497331495,0.791231796488545,0.5545622250196156,0.533052670098973,0.3009645086069738,0.37630831808409804,0.667912815522325,0.1822775950153786,0.9128702022134099,0.7184773933159535,0.07730855806770158,0.9908249350308109,0.9582530261754909,0.020641474963487845,0.325591737821017,0.8395657155585893,0.25294076662383164,0.3287383217833472,0.15967965566604228,0.6194655708607401,0.2771505259746517,0.3190314964685157,3.959448811295193,0.0,0.0,0.0,0.0,0.0,0.0,2.4365220374361485
0,0.07990338947396705,0.9724779645572519,0.23534916854927085,0.6872250008750993,0.813588615787928,0.294468769639462,0.9785738805732355,0.6599819895284461,0.7302825668297176,0.5779752636086793,0.8610325322066598,0.8761148532391647,0.5040477362895714,0.9506958710851903,0.2282240673835569,0.9669508804260473,0.7424842547597361,0.6648010780714518,0.1862329467302013,0.1650586638382531,0.08240828779915446,0.7039275894590448,0.2640830290833975,0.9533160214566714,0.761247964478943,0.23199596142120116,0.8274200930405713,0.43966575106924166,0.8536589214535694,0.049988470065678664,0.07990338947396705,5.644833996795433,0.0,0.0,0.0,0.0,0.0,0.0,2.4365220374361485
0,0.5044679332036908,0.31042924190608834,0.9423438295250458,0.07263322376737151,0.08716859681192593,0.17710528402722345,0.5725526451709203,0.7453019936301191,0.3206918265879239,0.10011427458625032,0.0762898184359115,0.5954392149980299,0.743299608837692,0.2706355377483616,0.9412187917564914,0.7153836843846901,0.2326503969836448,0.9833757053612603,0.8678383669084221,0.9329758537475119,0.8201704071804781,0.6798355541817123,0.31162357947912667,0.14046007310887298,0.5592602650662849,0.41118916942146017,0.17577140244020342,0.1947064894921391,0.1496897170467035,0.6494277940956119,0.5044679332036908,3.644924097993042,0.0,0.0,0.0,0.0,0.0,0.0,2.4365220374361485
0,0.853532137670588,0.7272894769614342,0.7170807493348775,0.2552076143724186,0.7532321520119473,0.3484834526979001,0.16382808059157855,0.37035160059716193,0.5098046645884063,0.6118736090142632,0.8216098786131343,0.4203574268250048,0.4277012812419158,0.15748788257540133,0.21380335183527574,0.9116090979579309,0.988676871753435,0.23066149462116955,0.702307739412859,0.09639472516398724,0.4425805921253841,0.7877633368165945,0.6128477970503096,0.48817453263618166,0.3055464505862026,0.6096704679197932,0.5749357853114618,0.5055828342416925,0.08063955266120981,0.18968286410294297,0.853532137670588,3.2152028693089165,0.0,0.0,0.0,0.0,0.0,0.0,2.4365220374361485
0,0.11181150961736903,0.9259383009837929,0.9936504354745674,0.7496492794294553,0.40652999760945246,0.3726279995632449,0.016120957227224213,0.18813678649701865,0.37906231419787284,0.7035537981506106,0.578080493403229,0.7554280646875281,0.3293916090908737,0.8781724858404051,0.775345089400058,0.949317764513968,0.08552192469922407,0.035722519057908735,0.31727771273214417,0.39866860913659374,0.5690067523880887,0.18133461470934933,0.8594425982010283,0.048919233550156725,0.10262118149239678,0.538815672700725,0.47461050219152406,0.12159414463448956,0.23349440292048534,0.5311222431582829,0.11181150961736903,4.427662816239536,0.0,0.0,0.0,0.0,0.0,0.0,2.4365220374361485
0,0.937536800891298,0.830432706764422,0.1917477200416094,0.9107899624779632,0.9713388777438627,0.3839702583228268,0.3827664973020919,0.3115093489731104,0.9716992866211855,0.3913554843310851,0.5004551071396259,0.27000545964897,0.4888118825140944,0.6757749618806512,0.20096803953178374,0.4725506378531664,0.8024783864699078,0.5078986950310913,0.11577542948831375,0.15237741826015638,0.5710968306211296,0.14828656914555738,0.6210483420725325,0.1151001685231825,0.7427624766746925,0.5990498231957834,0.06679392773498567,0.01253291602539782,0.9775953630914613,0.8907614516220154,0.937536800891298,3.174523184469159,0.0,0.0,0.0,0.0,0.0,0.0,2.4365220374361485
0,0.3301217115694326,0.5883458638197123,0.32111496057298716,0.37163684261151647,0.09231701626471205,0.3661765698256924,0.035865129348100835,0.25001383349999,0.922916492615164,0.959309413112551,0.9796680059745155,0.7153953660510963,0.5711556131360032,0.23085310923118704,0.9397986411842237,0.33879521483023733,0.41569286919984294,0.17922111461767193,0.22110477110991744,0.10727044262711329,0.18618826168241376,0.9890160672690672,0.9850850989369067,0.7928783376214008,0.3937989390378602,0.08785152912023138,0.10683281335547681,0.09862191517421684,0.33588639000291987,0.24507635547240764,0.3301217115694326,3.698742822144527,0.0,0.0,0.0,0.0,0.0,0.0,2.4365220374361485
0,0.5962188239139437,0.1903603381742857,0.06577228588604168,0.9510784968126069,0.13033304626546696,0.8096157514430009,0.28733289134316725,0.5371371775900113,0.3571514325202536,0.6087428277495123,0.36354224821827263,0.8323556720050498,0.3966466558653444,0.3942305444016612,0.5555519388232337,0.6800007369943311,0.9277114609705459,0.08584476068955768,0.2780289337156134,0.4427130610125847,0.46313590611742705,0.8255904680863595,0.48458722888613504,0.5603294544853124,0.11536177494703452,0.5184064090820047,0.6511389410481137,0.23528234089178535,0.06536579211108723,0.9046492216869767,0.5962188239139437,3.486855769514894,0.0,0.0,0.0,0.0,0.0,0.0,2.4365220374361485
0,0.9015805973360119,0.5198257388868092,0.6629797026415694,0.34948540301128844,0.10407241171413807,0.5374860600582958,0.6050250939696981,0.4634485658662275,0.08144847759343378,0.5243514198651633,0.6169772840178496,0.08940431945252812,0.6117527551956309,0.9318630351666636,0.5201969164272371,0.9969862995084816,0.12796391474517332,0.35965516639137474,0.8021518257924216,0.4376915552498859,0.30657318916617143,0.8855765081449257,0.07518200713930663,0.9332741140405268,0.048061939890460856,0.7040902151159287,0.41417539200996856,0.6572202453093369,0.03881735361854853,0.66417029741192,0.9015805973360119,3.1668972888244924,0.0,0.0,0.0,0.0,0.0,0.0,2.4365220374361485
0,0.17104627888742474,0.6726810926491255,0.7862541761035117,0.8733061707131128,0.2610241375845242,0.5880612415144044,0.581073010315155,0.712033958419987,0.8297879653774216,0.40801074880255306,0.12699622054250517,0.6411754594075606,0.6438165374664543,0.5542880977016035,0.3304397543202409,0.03576157334417837,0.7642261007383105,0.3034234237662516,0.824029084447319,0.14414856869333564,0.11645570244456004,0.7466878254299226,0.7975034318703502,0.15867289405462465,0.45147400102513224,0.5651543308668634,0.2076456197435771,0.45516123700741096,0.45219860776641607,0.5406659633223555,0.17104627888742474,4.550495973224453,0.0,0.0,0.0,0.0,0.0,0.0,2.4365220374361485
0,0.41185816748226,0.9626646127617938,0.9253762335565083,0.037163272041185656,0.18962770319840241,0.11777407561848753,0.752010054816809,0.3670085564944774,0.6969255462686313,0.0038344151882577773,0.6382568082101945,0.4710185461524822,0.17030235258005982,0.039621885451174385,0.5616318170551413,0.6735020195195658,0.8508964247609874,0.04653200819857134,0.9117950016889863,0.2240503561329695,0.14360545560485893,0.19898062357213736,0.22029950324904748,0.10301598634480943,0.012088767560948347,0.7558167984314786,0.978266830318459,0.5407799281787583,0.40203620932077233,0.0758678434645817,0.41185816748226,3.3479824615977383,0.0,0.0,0.0,0.0,0.0,0.0,2.4365220374361485
0,0.7648130696606988,0.2817295135427116,0.1615235470568773,0.504939452556622,0.9606774622055039,0.2615638334886796,0.1869648243070145,0.1988630466608656,0.6190909275702856,0.4491328359636704,0.7552917426971266,0.7018420430651883,0.8168319185025253,0.3370877039094105,0.8761723794661814,0.016706378696181592,0.3352008141663568,0.5274024499767496,0.6596346999474519,0.3031457329500429,0.9048206185276774,0.3051732608351608,0.670015945706043,0.9484633155807659,0.5631019549824421,0.8461542340596339,0.49193623290402494,0.035812728726358586,0.6225428813027735,0.2941669175690871,0.7648130696606988,3.48338118704669,0.0,0.0,0.0,0.0,0.0,0.0,2.4365220374361485
0,0.638167256870299,0.4275819371635382,0.8380076050848614,0.10081101389987997,0.7629431640895373,0.6234745966811585,0.12724167636611544,0.43152364483651307,0.906020755221948,0.016818202991034835,0.9109448727914239,0.9130626909516775,0.24364911836021239,0.010602254716292699,0.8202461452802983,0.045908727612481735,0.29770872756568645,0.31335977542340254,0.16248413465082973,0.0643441662555812,0.20351892996193044,0.17342610984341592,0.5272031926598688,0.8089417251529297,0.7949497161941136,0.2088979365644554,0.7342091013573709,0.8350069209902057,0.5318162239464569,0.7263190414635643,0.638167256870299,3.385421778656201,0.0,0.0,0.0,0.0,0.0,0.0,2.4365220374361485
0,0.4720018988820846,0.4094218471901805,0.5685268900574227,0.7192191579924856,0.4557759009004335,0.39697330250830054,0.777105053286302,0.9251040061089904,0.01943748078514624,0.5314658373615105,0.7310207172911914,0.7822649127794102,0.9012915639682656,0.35011355128512195,0.0007103605819788694,0.07952791656971944,0.0002021839744032572,0.833121210152817,0.38103990837971236,0.25791879569630904,0.2944132147018041,0.252448894794201,0.6328648634831524,0.81313098881736,0.0011827442586893322,0.43700528622817864,0.27914863087833386,0.06453696844556045,0.1311548429713875,0.1997952692933546,0.4720018988820846,3.289959247356887,0.0,0.0,0.0,0.0,0.0,0.0,2.4365220374361485
0,0.005488135039273248,0.173484759890335,0.39486272086329316,0.8056841904286622,0.7121727563002801,0.28882283671919107,0.9013629233509765,0.9442785917998069,0.4399607127101019,0.43100233437424124,0.6512516165796135,0.005288949197529045,0.02976761088190337,0.7018350446707134,0.30863470649193586,0.22653421161113638,0.43621140325460384,0.7122477732839266,0.9693579957943996,0.8375683276047351,0.7829166613342301,0.8096227991132761,0.9679034035262167,0.4316743581945954,0.619301263622437,0.825534504296699,0.8364937273062939,0.3606607426385167,0.10283518846582167,0.5694543097039161,0.005488135039273248,5.869159307092031,0.0,0.0,0.0,0.0,0.0,0.0,2.4365220374361485
0,0.9529022664515893,0.6571429984629374,0.5519751910684609,0.8177385389149135,0.05123819982849442,0.33097676367447726,0.6576079262866681,0.01616933996874757,0.7605240703676985,0.8005366290629159,0.6703521980457541,0.6596420975661604,0.3500531004761467,0.6219419420761347,0.6354941858329982,0.8326024657729176,0.8831256274845718,0.1530446840737732,0.9211251295769934,0.7727500640070069,0.5585119847171501,0.544151252548318,0.33287544502280564,0.4990036745160423,0.6884083024241225,0.901664811318048,0.11277596097731767,0.871585148505804,0.5042837851310585,0.3021687025009104,0.9529022664515893,3.6955540406231706,0.0,0.0,0.0,0.0,0.0,0.0,2.4365220374361485
0,0.7023040031430718,0.22857124917504568,0.5700370977375002,0.9813950519378682,0.0042365479933890475,0.5066721470678668,0.8995392046670373,0.47132305674853064,0.9808177517820756,0.48792498905608916,0.8058748852473173,0.9093909570954954,0.379623950738108,0.29779179433301833,0.6169372333867222,0.08083422435442018,0.8315427777765801,0.6445738869878581,0.9023260187745709,0.9956037370381408,0.9533083676249081,0.6034060464388435,0.09822117733194247,0.5339312241522342,0.7527967879759923,0.7305029106314739,0.001433532874090464,0.44374062625007327,0.9017771658391626,0.6113314819153577,0.7023040031430718,4.234743339141668,0.0,0.0,0.0,0.0,0.0,0.0,2.4365220374361485
0,0.8868930069115526,0.09876505245316591,0.026563295894652734,0.33506862958487316,0.8979302866719512,0.9678390547728503,0.5079807901975599,0.7750511343861775,0.5391540764885181,0.3367714114411143,0.06398221062216092,0.44557987400609633,0.03735194022122595,0.14665859117559188,0.059755215050028856,0.18090885732032408,0.281770057815675,0.5895853234424506,0.4388436036324195,0.008700121482468192,0.6757155019541694,0.014386015134623203,0.49359453151021654,0.01102044810748028,0.4876904699432014,0.38018096358201475,0.0828173010575395,0.9264906959779085,0.7736611755007432,0.4233126888029273,0.8868930069115526,2.4369845465307254,0.0,0.0,0.0,0.0,0.0,0.0,2.4365220374361485
0,0.6742681951511055,0.5952874151169945,0.5204245448872552,0.9058820177707884,0.7929858984784646,0.01617635497075877,0.22671383478670154,0.8830072690578464,0.3691328434088548,0.7536632437083075,0.26568217593669846,0.2033747738176424,0.8609680321926902,0.43795456526776316,0.016667667154456677,0.7413111622896714,0.06227414627973323,0.3696705491807722,0.7844986153390758,0.9519404254918461,0.7171324601304068,0.5676987151466906,0.4620126676576087,0.6328517492813257,0.5112749888177,0.13253191193722852,0.44168926115864565,0.07463575424364811,0.16253642524256823,0.1361848025951275,0.6742681951511055,3.343508226967068,0.0,0.0,0.0,0.0,0.0,0.0,2.4365220374361485
0,0.7762084156244248,0.5682848049051785,0.12543805950077327,0.2681803330575584,0.8060916126435564,0.6894382758907316,0.1335536884847193,0.5788462205684484,0.7292626588014058,0.26107617705149583,0.9287972240829968,0.2437638915519435,0.5113843684136435,0.00925596638292661,0.4827155109542478,0.405024530743129,0.5365683834695198,0.7082046216083937,0.09497391365498663,0.5672847396554102,0.6594143929168395,0.8663276564110631,0.8251120314683964,0.9236916119510622,0.8841960036345493,0.16924158766620764,0.025232480534666996,0.8837384056925921,0.437747476141925,0.7952658425999785,0.7762084156244248,3.5899134522041405,0.0,0.0,0.0,0.0,0.0,0.0,2.4365220374361485
0,0.9481827277478977,0.8083090879777758,0.006027633760716439,0.38683726447276046,0.2526720703186232,0.5234010074612412,0.35310629218291306,0.6380195724037344,0.9496405116884561,0.7800090328552125,0.3273481377463056,0.25458503167066443,0.9183601758277271,0.04298282325956031,0.5399065169260641,0.16271652767606146,0.19039615522579517,0.45277989944795466,0.36615058020635094,0.6811495214963712,0.7491605090827499,0.6507561067306509,0.34626706475959107,0.9987968154258793,0.6335592755121598,0.5090824837923458,0.9491852662839607,0.8960916405282983,0.18829897368603343,0.9749292174999705,0.9481827277478977,3.470722367568259,0.0,0.0,0.0,0.0,0.0,0.0,2.4365220374361485
0,0.05149448304657994,0.8598306686889183,0.440142515151503,0.18588739609970287,0.6673193027768154,0.4507527727983274,0.26304198691599406,0.04301574816674549,0.2642466300284059,0.08488056280648955,0.23373215955744794,0.06209843748975122,0.807748654492252,0.7146389467465931,0.10672047807353914,0.5831268984348603,0.8227121653093117,0.5410177026654455,0.33224413611920844,0.48305188702693025,0.24046806354712189,0.3310747256776881,0.6856816224418095,0.36828146613216695,0.7380127341985993,0.9610620186761913,0.9053196734407317,0.732569754591527,0.6453209240917203,0.519607664734451,0.05149448304657994,4.841928582928488,0.0,0.0,0.0,0.0,0.0,0.0,2.4365220374361485
0,0.5264056459352122,0.47673653269584637,0.22117315564183193,0.5107382628156425,0.7283019657983505,0.22399812140009331,0.46645544294579494,0.38506342919323805,0.3834989768050388,0.2973174418543289,0.5259092672553357,0.07872650655447395,0.5231763187327395,0.3170571004398961,0.07185635944305953,0.7936180123916914,0.5540046971029414,0.8209884595187691,0.4423752313798635,0.7446304438152129,0.6111207188087492,0.6132142192527567,0.9398699249106687,0.3936952354013965,0.7090827308641541,0.9812838991014788,0.13131055231215258,0.6753699889104283,0.9981354501741758,0.45274295703842754,0.5264056459352122,3.948593821308798,0.0,0.0,0.0,0.0,0.0,0.0,2.4365220374361485
0,0.739559123093102,0.07216896984398474,0.9175676560591141,0.5603277590129336,0.8653415602058587,0.40344289164698943,0.7073994624204843,0.95949914266947,0.4971289230269891,0.8969359174079561,0.24501063172834753,0.33010063695656094,0.36754901104137566,0.8688976213581976,0.8991800440203915,0.06490458808617568,0.6996821177133125,0.42300651158696767,0.5978903789146186,0.5184883302560441,0.6306833637743885,0.07213311977367483,0.2772788815836951,0.2516604782452125,0.02566601454206575,0.6630290480866984,0.5258815767049118,0.33243677875281236,0.7973859222124294,0.8174865572098314,0.739559123093102,3.683420099156252,0.0,0.0,0.0,0.0,0.0,0.0,2.4365220374361485
0,0.5523597038524157,0.15992011243414475,0.8879525281222419,0.27874399917074844,0.3582371767202317,0.41424853921201693,0.8632290710633705,0.6484292111212748,0.4404457111098766,0.3011589846882588,0.10770580748502777,0.4848345899817102,0.26596433065349623,0.4115123022497409,0.581544254246546,0.697046646536083,0.892033566240696,0.5656584509541872,0.013154283509241839,0.013637107709426227,0.41787915750953875,0.5966157764822984,0.4099266699346427,0.6714545014069887,0.3569150810783154,0.7918621159518673,0.09097844484494033,0.8125391666698919,0.5856666933936303,0.3779176142118037,0.5523597038524157,3.495840267794743,0.0,0.0,0.0,0.0,0.0,0.0,2.4365220374361485
0,0.4332032628651083,0.3332282953754809,0.1325868406688941,0.08132068106345153,0.9479325930605441,0.5720414427551374,0.5173815154569106,0.24987348757073968,0.48615276426635096,0.46318378936666177,0.8967345848354064,0.10146946645400376,0.6095596175070825,0.1640673334583575,0.5976666930102787,0.3131083997714332,0.36017060486259095,0.9396374885712105,0.6970530677277926,0.919999640185426,0.04896546595851063,0.5088099806078613,0.004614793622529319,0.7642240749476866,0.12820767120701315,0.3443011598437674,0.3651898992038643,0.8046276122946935,0.7582073426209641,0.23781479600234662,0.4332032628651083,3.6499558805758707,0.0,0.0,0.0,0.0,0.0,0.0,2.4365220374361485
0,0.5860122775767451,0.1629279403144052,0.7756459710964072,0.5876192651144959,0.9260303813942637,0.8262386790057729,0.7172407252640907,0.06589909976354572,0.8958008026418217,0.8501466582097207,0.5430753203921872,0.9628423272884049,0.20970493693595976,0.19076486769030285,0.4966716882070382,0.10245367209852846,0.919044850262009,0.4698537856456711,0.4579328167275705,0.8935303639044752,0.5180487844855424,0.32805263855579175,0.9928729288177475,0.6512961904851676,0.8588258597373224,0.3341161551361376,0.8671602392088358,0.3283398164387663,0.3563946277447401,0.004146619399905236,0.5860122775767451,4.172444293254347,0.0,0.0,0.0,0.0,0.0,0.0,2.4365220374361485
0,0.5729418087987136,0.1290398395492824,0.4764422317792982,0.5319685205466531,0.6001573823967046,0.16604117804020882,0.9223837076773087,0.8372433097923578,0.711761038377895,0.5651683304038098,0.0367781653679623,0.1119705428018564,0.1309961493022127,0.511939907976002,0.1451730851720229,0.1345416239690755,0.39706871809420125,0.3426530332453705,0.24117380294170557,0.7156139871759112,0.837331093038468,0.3692929167156978,0.2377345554444903,0.5981098173160015,0.980380182325425,0.7263284965691496,0.7033224891644275,0.578257381885571,0.4441378021985827,0.47701977595166195,0.5729418087987136,3.5067417726075627,0.0,0.0,0.0,0.0,0.0,0.0,2.4365220374361485
0,0.1090655549922118,0.21241901704201485,0.46873319427901905,0.2152199627362998,0.4302476905803925,0.4947418481226362,0.9575221082549924,0.09799202587352392,0.6661661844355208,0.8744828214689444,0.5977160280669435,0.8148490527519904,0.30980485663469004,0.49956544104688244,0.6785273615789394,0.6252282428292385,0.5463836289500068,0.9061242524909674,0.3712802087045082,0.7285953662702171,0.25675689147644265,0.719818642170133,0.6652315598999208,0.8975304239006904,0.8609227959766336,0.19997962251328674,0.2814780133406539,0.47935160512077823,0.7326697589868859,0.02929296197576214,0.1090655549922118,5.04858534022344,0.0,0.0,0.0,0.0,0.0,0.0,2.4365220374361485
0,0.7231840293461058,0.18647196653894035,0.21432281481181298,0.4135763903484822,0.6311275150990366,0.6131546515716706,0.2469078477615653,0.2607535906908334,0.09630447936866791,0.04290077607210444,0.6404248960823816,0.8866194873217353,0.254445872878113,0.6957499032727412,0.2891950740690582,0.5041308612590388,0.604877645594977,0.02120196561213169,0.8892810177247118,0.5382731322777585,0.6939541072091865,0.8705817640237671,0.7002927094010105,0.44949279900043143,0.5962775571616298,0.765802481665713,0.5974872230640863,0.4233059630075921,0.5299852657770836,0.8707687299375237,0.7231840293461058,3.5126604264866503,0.0,0.0,0.0,0.0,0.0,0.0,2.4365220374361485
0,0.819504860360378,0.32622894032185756,0.4384515408699572,0.046439901992296376,0.465023932939071,0.3091854645119035,0.7994447416443794,0.9111680700716265,0.2475928245171667,0.34129355761038704,0.20456519891262656,0.4329426616412969,0.8375818346989388,0.44400448534735926,0.7168397961136648,0.76980159037441,0.4279356736804835,0.3303066104832572,0.13614464706476875,0.13033074591475505,0.47396610112126064,0.49657862133726427,0.29448369178898,0.283396310441662,0.2185958083641962,0.9765969549812604,0.6140138824662472,0.9890500073994967,0.9285603499693381,0.6983417625655625,0.819504860360378,3.3241250871544863,0.0,0.0,0.0,0.0,0.0,0.0,2.4365220374361485
0,0.2106263600305981,0.20327988000908082,0.3133307203447432,0.7988786503146439,0.3810244628177193,0.9146822149421814,0.6746185344216195,0.9761732482778178,0.5179986543558232,0.4983047634512096,0.18790840163227404,0.28737278579714165,0.879958300034114,0.7298743498971636,0.03248753143519958,0.9386728607712136,0.6401497626021903,0.7897478726073471,0.7528351378229303,0.3863398165300738,0.8160047104324039,0.3431673066655346,0.5742659390959888,0.7838058286792029,0.15940209689354767,0.7857511111646999,0.6214090976416206,0.14985491427643297,0.9557845154816293,0.050318389295313085,0.2106263600305981,4.884912870067813,0.0,0.0,0.0,0.0,0.0,0.0,2.4365220374361485
0,0.06164694156497913,0.2918551789752317,0.8003160544282041,0.44342103875203787,0.33736853161680785,0.09949318822415681,0.47209860473870147,0.1689538588428821,0.6876899892270586,0.5058866215468147,0.780698143029597,0.40816421031214356,0.6234908734198767,0.6488552263744888,0.9758901348898528,0.3675898455475234,0.667211981129309,0.1323274412927906,0.7926412573118753,0.8033911841403454,0.80277418041836,0.22321042990043216,0.3048496564515807,0.5141445653480569,0.19304446364347377,0.32492361406690884,0.9954613274934712,0.17695270005904687,0.025759464955561792,0.7789263980304733,0.06164694156497913,4.8728638221038105,0.0,0.0,0.0,0.0,0.0,0.0,2.4365220374361485
0,0.9663288531961071,0.9118477457483729,0.9856782065466396,0.45810302081543236,0.4828488552055373,0.5547032128233604,0.19160467643887602,0.6772624328130613,0.4719323629247456,0.5984447049241873,0.7004386242976639,0.014370319537993415,0.9530904958501241,0.3826870902875685,0.664144388731897,0.48607545359790794,0.5936859891994357,0.7750159147094077,0.08961936378547229,0.31815199395314314,0.02317983179393976,0.13428795722498238,0.641602599201366,0.2081305386324746,0.3117979529083354,0.6849723139697738,0.6357860998011711,0.782322097551636,0.34475324782212086,0.03692531590077766,0.9663288531961071,3.099933153572862,0.0,0.0,0.0,0.0,0.0,0.0,2.4365220374361485
0,0.9711645228109244,0.08117531855962033,0.014561503322165485,0.7278903597255933,0.49321472930854204,0.3231650074545361,0.36042906190402557,0.2840972620563074,0.23518149813791175,0.9477094008660274,0.9343432990342666,0.5792702056878639,0.10079522082586756,0.6825285387774827,0.9120637301185762,0.12160538822485256,0.9059294631943647,0.06254356481770393,0.5031726019724998,0.3655243905899163,0.05521036606204129,0.6494440412146956,0.9080354529491266,0.7043495521902688,0.9928492705280725,0.6211802031124188,0.777328151240367,0.18923306067889165,0.8000551044023553,0.17948861020720508,0.9711645228109244,3.1918856348355162,0.0,0.0,0.0,0.0,0.0,0.0,2.4365220374361485
0,0.5419333464076692,0.26426904360211073,0.28107210745428546,0.750780748541783,0.8784523799600351,0.9432762434905199,0.11259422564345355,0.33938412021694386,0.17676242482277463,0.06311944995479601,0.745846628638894,0.824605967486545,0.041354740642224504,0.5232895375991898,0.6241313477178276,0.8004450962714863,0.31718626390341154,0.011289262976548533,0.988757651744101,0.5878846838702444,0.3875103229953492,0.2948641044888866,0.3927633715273705,0.172790679482286,0.9785189384508832,0.21058534922235558,0.21470620903918072,0.25493957833987224,0.26897542764649407,0.32771225462965914,0.5419333464076692,3.325120170523469,0.0,0.0,0.0,0.0,0.0,0.0,2.4365220374361485
0,0.09977495139744447,0.7574566658387502,0.5450653168262263,0.5552831512705736,0.11778695395941104,0.706803702543952,0.49514767104035184,0.5680297537836384,0.756963236850805,0.11272821902424467,0.4127811651276486,0.7711278826483099,0.7911823612873587,0.736379685447407,0.2588067812304708,0.2871045575950449,0.9756464721430985,0.18410301562690126,0.06058029160323875,0.8255852309743226,0.09368584606129618,0.588871315434314,0.6934401017565086,0.7517628164014002,0.6500478738524117,0.8353160581810865,0.3794782188711159,0.8289714587178195,0.9355156996076118,0.8260163349578316,0.09977495139744447,5.339706680052594,0.0,0.0,0.0,0.0,0.0,0.0,2.4365220374361485
0,0.033185689524513236,0.7178784944494642,0.1440905409537306,0.670392105392139,0.547321422191397,0.7350590798411809,0.6868678336764329,0.6286521146291063,0.038289400292173634,0.8641091573429809,0.09293020284507797,0.13929291417302714,0.5559618444677925,0.612019664284242,0.9015411716937732,0.41586107941741146,0.3798788916933353,0.6001331611324646,0.848339346694541,0.33953675696427316,0.9212548849723642,0.42675125913820755,0.9288182676227229,0.2637740657258889,0.6293712302053178,0.07424685468751507,0.19362189058939389,0.9766029091855978,0.712482765670197,0.9642848215448924,0.033185689524513236,5.523377011670728,0.0,0.0,0.0,0.0,0.0,0.0,2.4365220374361485
0,0.711020195313638,0.7668735179544728,0.6713159685036669,0.4338276421924277,0.622096027288772,0.9928070659057413,0.2537191874851246,0.15058356358980587,0.10725594364210579,0.32879173337687406,0.7181682514147844,0.2322286381801498,0.21983426242260642,0.9164618102559833,0.9803410990370981,0.5541693395212881,0.3505107548016926,0.26242178594126087,0.6782130347769811,0.46765069949158145,0.8943438225122139,0.0241426299451467,0.19672582311296521,0.8386180680743909,0.14232626992829767,0.006399210213275238,0.9691154630222938,0.30038557246059,0.823800345760237,0.3892345553820411,0.711020195313638,3.469652869037462,0.0,0.0,0.0,0.0,0.0,0.0,2.4365220374361485
0,0.021589695836455196,0.48131687281814456,0.4535588915464087,0.11696997241724987,0.47259600233497623,0.9544767829095998,0.1568976826507775,0.34185348586979386,0.2991497077031562,0.37816364305519856,0.15272436895465963,0.9793456037453001,0.08765325253806965,0.07798046833912564,0.6973993748078288,0.5319889221776745,0.2059102690087049,0.2253692300108239,0.6060626190622654,0.7654790669935804,0.7361436751176831,0.6923059463665873,0.5184730768833373,0.23456409565339068,0.7847857585848186,0.12908843718412738,0.6776924711903276,0.9636884919391406,0.1937824517492346,0.7379145372996093,0.021589695836455196,4.900982432050935,0.0,0.0,0.0,0.0,0.0,0.0,2.4365220374361485
0,0.3222010386078091,0.825890983591263,0.8193384636147332,0.3245896986018207,0.24392568788462152,0.2336509987706001,0.947014763244006,0.9694243562058747,0.6747487170071401,0.5827047734094662,0.5556206611075473,0.3863398692130591,0.07273542034815636,0.06944372389983934,0.27208253252121484,0.4662012588056824,0.2599189032915463,0.49802068523895615,0.3992797616659836,0.6530496418295773,0.22405373582848556,0.27115661871905017,0.7733714911366495,0.6994829675165827,0.49983274865050153,0.1045614056680048,0.15699575060224752,0.48196450991820955,0.7438756717342354,0.6312976262256839,0.3222010386078091,3.9891469476285533,0.0,0.0,0.0,0.0,0.0,0.0,2.4365220374361485
0,0.446147698861443,0.24927211807373117,0.6130170157463966,0.19389134677101186,0.7097472323741524,0.7893549276387143,0.8854104559955497,0.8237797647398288,0.994525149547687,0.24364544625996787,0.4905790927689626,0.6718066062154063,0.7634470217876779,0.3496492494084844,0.3299980857811697,0.8499340522082275,0.5225782169430854,0.8542111075888807,0.6260018442398144,0.42548846328466167,0.3981615075226637,0.6647608398596824,0.7142819865767452,0.4503669141786941,0.25922756610225367,0.022653894909394453,0.9109113640612931,0.7496700552393036,0.203354981696759,0.4468638023000047,0.446147698861443,4.389477097461284,0.0,0.0,0.0,0.0,0.0,0.0,2.4365220374361485
0,0.238671671591052,0.06621478401499764,0.9386666057499715,0.13849038308428513,0.0442385504855818,0.9234023123431695,0.8598632906300159,0.3926376768645046,0.009636627605010294,0.547780388469247,0.19160230466320144,0.196611175115081,0.05722055599470348,0.583530749605216,0.0934723351793222,0.7832427287554201,0.022828069625764096,0.2537674126696099,0.8974576373409633,0.8773129280920302,0.3414181727570148,0.0669634348881546,0.08016429629591475,0.6472961138303536,0.5358971181799292,0.814265713997012,0.334894586354347,0.5623125495297969,0.014663107728563062,0.651763329074645,0.238671671591052,3.6423548122284366,0.0,0.0,0.0,0.0,0.0,0.0,2.4365220374361485
0,0.7808443832642395,0.6029361681980341,0.6248074139716027,0.47122085606836467,0.3998385382968162,0.7284293485930128,0.594318426506497,0.8745490427271344,0.28373511014155683,0.9165980402939078,0.9657607676584045,0.501979827999398,0.43435353466325155,0.7923361814501958,0.13869488530546634,0.9725663261663903,0.8781358168165107,0.48537945779151903,0.4937441398387974,0.703259239398215,0.23162120260708835,0.3991145087535076,0.28282836852176085,0.8677333222036988,0.268093649714892,0.5581807722517387,0.16862318546835903,0.3843553154053093,0.6010128424696474,0.7036599802647119,0.7808443832642395,3.89066763919431,0.0,0.0,0.0,0.0,0.0,0.0,2.4365220374361485
0,0.6940867739745469,0.9066508162414204,0.33229567444691954,0.15105906154882232,0.03289406092947201,0.31820022435869755,0.6959558501963617,0.07383463894171899,0.12904044392900957,0.17879234763031326,0.8701434914774036,0.8460402693335951,0.1275677864273689,0.24260904499381059,0.5774289829208072,0.6060774184738585,0.03592041931271839,0.396495342241753,0.8325795877819793,0.9811705309915103,0.2603999280190072,0.9640084015415445,0.1492496691195319,0.8861417500236384,0.824235498168154,0.30826861603048694,0.6400620341470937,0.9109297867090669,0.31853606042296273,0.49227740993347285,0.6940867739745469,3.441366227354582,0.0,0.0,0.0,0.0,0.0,0.0,2.4365220374361485
0,0.6291787661699312,0.8680695128757133,0.5823797254293464,0.8585344933334895,0.21773083554054873,0.8982643040531498,0.17204923686959703,0.11373813137932562,0.5819172410992184,0.36524577067478625,0.9954163301085482,0.3541863686357003,0.28005152964269026,0.609582793338421,0.7914186725974026,0.8175409036624872,0.6149054905479393,0.11306810099545196,0.7394095032987814,0.6222500159467717,0.707083602670366,0.47106682446802717,0.9704238788413854,0.6144462536010242,0.9075836549595617,0.9333530340980956,0.6087484236193934,0.26351936240495694,0.21457058761331366,0.8081029076306944,0.6291787661699312,4.313474941078801,0.0,0.0,0.0,0.0,0.0,0.0,2.4365220374361485
0,0.0886385560592323,0.3462049990027999,0.7563618954908584,0.833774301852154,0.23524183860393758,0.07758378653836141,0.40548849267399306,0.48709050809815546,0.523579839368612,0.6444860066201772,0.3972026585250476,0.3612027734497947,0.1689676115822441,0.5400036734375147,0.4278618849946506,0.3895556839398042,0.17530537214562783,0.20659176471850027,0.2039725674716804,0.5097927024003582,0.5368449854652407,0.20721406667959952,0.8321637911445849,0.18871785734755492,0.2962116924736705,0.5496052239811934,0.18541380793757137,0.8686216626704203,0.6615946909234116,0.2197996232634231,0.0886385560592323,4.1454123946516965,0.0,0.0,0.0,0.0,0.0,0.0,2.4365220374361485
0,0.36397918614834934,0.9980059749636578,0.7401058573958639,0.6245458986723048,0.9538858920962033,0.12458603961768586,0.30120120182163473,0.30334473741496115,0.5676746576308495,0.16546884901669423,0.2888905995318973,0.15379056896077428,0.5997932453726437,0.10089603034238606,0.687578241076909,0.9221071064257778,0.9950369730518152,0.2848351812742746,0.5509285121306797,0.26483393535202393,0.7668232657906257,0.05054337988339254,0.505559376888086,0.9730115519889727,0.4699036852213958,0.9473045606740849,0.7689743332672926,0.39286716683040396,0.05704414401923533,0.765035278197824,0.36397918614834934,4.308481513721787,0.0,0.0,0.0,0.0,0.0,0.0,2.4365220374361485
0,0.3526563254754145,0.7443974531184284,0.9690958267748155,0.8485839813404669,0.7883822704445393,0.6587682062040063,0.040191931983093336,0.663591065076533,0.313302670356969,0.7691013138713347,0.3089986674300003,0.8585847756860185,0.8466218365284417,0.08748663619850547,0.4554335264031677,0.7742455295605801,0.15449291648687738,0.2785833763863427,0.7682167193442957,0.6737966644320669,0.6681151847062189,0.08100293942265498,0.051999965248964004,0.06179603677559635,0.16333507465791275,0.5709412243608553,0.7159027992172882,0.13012036222897655,0.9190428746582224,0.1037992695590012,0.3526563254754145,4.098609474763632,0.0,0.0,0.0,0.0,0.0,0.0,2.4365220374361485
0,0.6131369505402232,0.045013243819267024,0.8490192363262932,0.7651836641038716,0.5889076434645009,0.868021479539878,0.004375872112626925,0.20238413280924059,0.8109671126219202,0.6371887891527143,0.22399161145254773,0.29289913449591953,0.3823057128969382,0.8458099581867323,0.3880025560358352,0.3799799400093566,0.735315677222424,0.19059944298249573,0.03223081632640618,0.6650177313069995,0.9445768477592963,0.4636553902811808,0.47408773829469836,0.19528939929030883,0.6460909389794355,0.24081369598853306,0.5870063334464054,0.49112249992587387,0.3732965115758141,0.9884967282660876,0.6131369505402232,3.614961374090315,0.0,0.0,0.0,0.0,0.0,0.0,2.4365220374361485
0,0.403085279595544,0.5434660781060917,0.2402895254902696,0.5784507762727787,0.021965823616800537,0.4706007796431326,0.2943307744910127,0.9829351225208645,0.11587599635196388,0.13185232325236185,0.4430504669836286,0.26246556939811155,0.5870340703066147,0.42502105580724114,0.889970463442051,0.25945026776940394,0.7066763380145846,0.44527714725572864,0.23065604867209927,0.5914424010202156,0.7291565284098581,0.5577107734681519,0.21241557040039918,0.2116902540612916,0.13221160915346084,0.09224317028974739,0.39668218229542773,0.04919482613744674,0.8107880236030947,0.2676996718625009,0.403085279595544,3.259630202377987,0.0,0.0,0.0,0.0,0.0,0.0,2.4365220374361485
0,0.13062712952023348,0.7910080451689463,0.09338158951836846,0.3696733780203698,0.07020650999465729,0.5917117204815515,0.20283999976762102,0.12399025321703101,0.8455354195946679,0.9345330405237676,0.007917250380826645,0.17282699650945538,0.7104585035510228,0.8003028841015591,0.196964631446525,0.637046436988266,0.5728632954687345,0.5569534646813954,0.3412729402542008,0.5516654207272883,0.9823796068191748,0.38155977928034457,0.5528145372729439,0.007805291762864555,0.9696217077547787,0.7757149744646246,0.40458212259758614,0.009446689170495839,0.24966389971437894,0.5543125784684191,0.13062712952023348,4.354603391440372,0.0,0.0,0.0,0.0,0.0,0.0,2.4365220374361485
0,0.6564429862746561,0.05868126057368214,0.6096820439109051,0.7396160611560666,0.6902719779440792,0.8347166406620495,0.2319056691494007,0.5800905999952238,0.630263213352841,0.8165693896190015,0.42429996780470713,0.04428768700945766,0.40807563804159874,0.8531502457711465,0.9227363831030003,0.7577345467152191,0.4852658402882047,0.164017135353796,0.8759122028540738,0.29865945468566474,0.7981137940396349,0.4890213121480423,0.7256987215131481,0.4195546593330578,0.3698510867933713,0.03396505740846985,0.7545433424216151,0.6368360150035356,0.126288984390617,0.9144936917796108,0.6564429862746561,3.907550087011287,0.0,0.0,0.0,0.0,0.0,0.0,2.4365220374361485
0,0.6860194369811312,0.4403712960389145,0.7935980976724105,0.09961570154541499,0.2060724937401154,0.24878372495379994,0.5595969563902925,0.8634574584508986,0.3994462571842213,0.8405449815554216,0.013595079005737861,0.312273624490775,0.15374296183320915,0.9419787215858486,0.06739550795049289,0.8507208015736152,0.050117140841850025,0.10557368791323918,0.5717269668615506,0.8109127072085678,0.6283732637608129,0.8138152220707083,0.17622231058839796,0.09189847911902758,0.09511318982546456,0.8508020666233007,0.5561434629997963,0.6400928445050593,0.8878506637911716,0.6739618455999532,0.6860194369811312,3.364761435521299,0.0,0.0,0.0,0.0,0.0,0.0,2.4365220374361485
0,0.27357424651594714,0.36774500954884204,0.17740097525617682,0.062378928213745084,0.6823873884077071,0.42979286319989174,0.08565421311858509,0.10053427181786825,0.34995815292959637,0.7977719272840345,0.6070473219441667,0.18097242925632423,0.8296673774384349,0.11044612301254114,0.7449178403563558,0.1517185309904764,0.7272362309439886,0.942698888205644,0.5365091400385751,0.2099927799392217,0.1702431319971016,0.9045311076628523,0.8035240712000938,0.2763746227737221,0.5808421126471318,0.17115703233327095,0.25453094245448876,0.8516390990010977,0.946906535435912,0.4653717012794871,0.27357424651594714,4.0036010589978135,0.0,0.0,0.0,0.0,0.0,0.0,2.4365220374361485
0,0.9160907931603572,0.10774047332698639,0.07663078203100102,0.6558188894263457,0.9098280334896793,0.5489011154138581,0.41664197105081147,0.6002836293423007,0.20514512743298757,0.31813880141920636,0.16274823569867597,0.21935832080216788,0.6602765315650535,0.755165559410992,0.2979559036854321,0.39367475322251927,0.11518835148831526,0.9586140589564152,0.6121268240881182,0.08292147526792548,0.10270327905238714,0.8597627339673912,0.20637582694530793,0.9860819238379702,0.43821903908407867,0.4298299010995784,0.053453516806969026,0.37728558729949485,0.0052184832175007165,0.11956405722795949,0.9160907931603572,2.5654391790257107,0.0,0.0,0.0,0.0,0.0,0.0,2.4365220374361485
0,0.012645556121046269,0.944973631168933,0.6840985744990734,0.6670923376395079,0.6184432701398282,0.14490305346548737,0.7241464414917489,0.42359097087730296,0.25247685022492317,0.3870641057766701,0.8570020376873494,0.9902494562981144,0.723560072596349,0.22070042190144645,0.16552078276691973,0.4393786437444404,0.5071005830501569,0.5716674158011137,0.5467301013383484,0.044314184354339745,0.3700206463557442,0.10131482799291128,0.5451998498995332,0.7229465024195454,0.8766079856030154,0.49030426515337006,0.34652124594842143,0.7943584121313831,0.6326874938707674,0.5927805023830122,0.012645556121046269,5.504654874198323,0.0,0.0,0.0,0.0,0.0,0.0,2.4365220374361485
0,0.37202796041187,0.6672104340843249,0.64186130166333,0.970230075418457,0.28473142978465643,0.5171755950021253,0.9834616387262847,0.7242127339631641,0.4576659105060616,0.4263860917764141,0.21848150380346984,0.16592230418761839,0.9465751989538044,0.2533610226639989,0.12240020273379709,0.4573963250117995,0.6204444338825955,0.05359978064478364,0.5262831383037392,0.4935381903257264,0.015701967704178796,0.16373034863880748,0.5816554561279625,0.8513973015153976,0.5479982993088848,0.911342049474763,0.8753950192502745,0.5956112092742977,0.5781842216218178,0.8328614760399661,0.37202796041187,4.33598677656832,0.0,0.0,0.0,0.0,0.0,0.0,2.4365220374361485
0,0.24751021648856397,0.2762166543645326,0.05162492934676375,0.4870440153940117,0.2711242731721231,0.1930002891947593,0.6245416526834839,0.22344718127375507,0.6055924830003391,0.5131093038034409,0.9547506012997493,0.05453542682678069,0.9941536730019127,0.9671748572536161,0.7887668189222306,0.2934453046075431,0.09981829389818253,0.9902573777558311,0.12458138827260043,0.03952749011516985,0.21497776907825342,0.528565674676693,0.3842600238766956,0.07025662718054532,0.2461286675311699,0.2896319729526038,0.9805579081250085,0.27049348946788443,0.5504425197131527,0.5092315902117374,0.24751021648856397,3.8071555598455866,0.0,0.0,0.0,0.0,0.0,0.0,2.4365220374361485
0,0.8642450547935685,0.017742336894342167,0.36140957476523694,0.7709096933929557,0.5624415703383688,0.6727155029000648,0.6637558856246146,0.5190649412523792,0.054071832972259995,0.0783104845523619,0.8102960082874228,0.981359926899916,0.6893345589114872,0.7489791355148603,0.31395233243536336,0.7338582796974253,0.8476386184215291,0.8749863935274004,0.022961401975221448,0.5748155335462821,0.32921719066870836,0.9486584375983576,0.3795612315955996,0.874475034399782,0.0720747007544111,0.15750764861886352,0.38590585379047937,0.10695625445638858,0.8740952683151827,0.7468669002981686,0.8642450547935685,3.4878642282818864,0.0,0.0,0.0,0.0,0.0,0.0,2.4365220374361485
0,0.7936111343664372,0.036674103799636815,0.411165586124296,0.395881514604353,0.2931654255989247,0.4383103111399538,0.4507824609969047,0.9068629106037108,0.22713766868410018,0.12690025020191228,0.7653443202816536,0.5487569227023493,0.2742540172535506,0.880107777635057,0.027392635793983017,0.020391877922543208,0.22726342464417837,0.8019288070275795,0.7412354668493191,0.2835899527833963,0.197398839178291,0.7680570233803868,0.5684968987642119,0.5866595991869406,0.6074393782063174,0.6118126766214784,0.9503703026560503,0.7131144939554219,0.3647241378917107,0.5213157599736614,0.7936111343664372,3.2218352231359293,0.0,0.0,0.0,0.0,0.0,0.0,2.4365220374361485
0,0.3081083861512895,0.6151240848202484,0.031317978624043924,0.2881733911146162,0.15950952611055394,0.6634222633125096,0.7658510910030606,0.2110700414019379,0.8873832475679861,0.9866449122644941,0.31140383957799345,0.7601567611604991,0.8524745718608183,0.7784537353710721,0.17007884103508442,0.8791439888679788,0.30367917487817875,0.24524379811077218,0.4893766309396456,0.925408951624567,0.03447125378617627,0.4098224777728835,0.8831787284729918,0.351858976028555,0.18502720761145325,0.7436269293479394,0.6839202171730517,0.9932361370954672,0.2940142794930552,0.28491892231708343,0.3081083861512895,4.386720938330508,0.0,0.0,0.0,0.0,0.0,0.0,2.4365220374361485
0,0.8796511632491947,0.49642803375308514,0.20680348666015003,0.31099732947234754,0.885842914960055,0.10232234142170943,0.5498908843722979,0.6948660609128147,0.2158969472301355,0.6790405081943529,0.05697428773144564,0.6687519960983632,0.01697631195927265,0.21399801692224527,0.34719389062003975,0.23100014060921556,0.6515148600780619,0.670618891688429,0.7787941746202417,0.5276978902067784,0.8784642616397886,0.6232694224977419,0.7827334970779259,0.718810666126765,0.9263250897428825,0.8943463252439106,0.5105975791796039,0.908241047760632,0.38798689248883905,0.012444255920016028,0.8796511632491947,3.412048920705033,0.0,0.0,0.0,0.0,0.0,0.0,2.4365220374361485
0,0.2989896109222703,0.13424032251889842,0.8588382544644456,0.6370888289926084,0.30876026847920574,0.7421755221028004,0.5618873221095939,0.453712869442825,0.2774523296003213,0.22639186899225394,0.3570494806192276,0.8995293679456102,0.4713417363807829,0.02604845519745046,0.9923429164624983,0.17372679069820995,0.4476819466446278,0.21656761958440837,0.997743529494802,0.6936567633312593,0.8850438632355612,0.45774879779347405,0.11430402439508061,0.9143434511019849,0.4749340696228918,0.060672496314632486,0.24881896503096831,0.7709824991345204,0.17671957140595823,0.8574334022564867,0.2989896109222703,4.200436340225456,0.0,0.0,0.0,0.0,0.0,0.0,2.4365220374361485
0,0.4670184048294442,0.9596962346875435,0.1860039223709764,0.005448831829968969,0.010187898004363552,0.5633909458847741,0.2718303329207992,0.14065304207151783,0.07588317113553605,0.7131980733539607,0.889640203904339,0.411693126905436,0.2957770942431684,0.4695806717799344,0.8486960141599929,0.956979152283283,0.7540627249690612,0.09478370307039988,0.3075736414323771,0.8540603730253277,0.7750053745880314,0.03846408672471128,0.7667142754612563,0.5702454811652399,0.7100728101394113,0.22606308133045086,0.07374169980334226,0.942814161142144,0.9813479496387094,0.3939922238365791,0.4670184048294442,3.8410302149442193,0.0,0.0,0.0,0.0,0.0,0.0,2.4365220374361485
0,0.12187130891750844,0.11788545512306518,0.2684285488783546,0.60226196300842,0.44823471719067537,0.9049946148910658,0.9947147971671728,0.6828757538285758,0.13016328502683708,0.6690041014654018,0.8419120219701745,0.5614405854109085,0.06186193005880336,0.1851995237457084,0.4696573427798028,0.3056650610698916,0.5610956969204169,0.742767949014675,0.6464439714095057,0.548018158670597,0.6081810105002403,0.7981561758643667,0.9470150595212489,0.6625052058641718,0.6660504301681047,0.999416870709742,0.3072557353410149,0.7544732288725573,0.047142412995491115,0.12398434258619677,0.12187130891750844,5.013996870728119,0.0,0.0,0.0,0.0,0.0,0.0,2.4365220374361485
0,0.537403471966316,0.3034819194274652,0.38221218127731593,0.17680514481142826,0.8367023894144361,0.7663808459772229,0.6371818652608918,0.3272982763552927,0.8547073215495523,0.9612359375348121,0.4704949974426107,0.9571931656823643,0.4196509497321797,0.5060127717257378,0.5427373262938847,0.35083290979719,0.2721539820434324,0.5921927938520306,0.35859002639658055,0.45659970548523265,0.16310380825979812,0.11035362435755491,0.9146175762975295,0.3090116217064916,0.06024678728391331,0.4575628723150112,0.7477674966904677,0.4075740655582173,0.1599440078964768,0.6871337040541456,0.537403471966316,3.699617900912072,0.0,0.0,0.0,0.0,0.0,0.0,2.4365220374361485
0,0.1529655626506403,0.43946807170944524,0.3735775788408034,0.23404243617939258,0.9909366070118906,0.13958982721863475,0.39389548507345573,0.055691007386145935,0.5576314023025479,0.6981968980557454,0.4386711454159366,0.30056877259145354,0.635123491456556,0.40051007308828757,0.18693956410934548,0.44400879563631984,0.45956870569105646,0.38826805270369075,0.7297364151825653,0.19907732957485041,0.4937826781710513,0.5732169761846363,0.5905902324526912,0.05018521794460614,0.32922298503667446,0.5258671716622324,0.6958313797847383,0.24719620157842287,0.7064441556423702,0.8646109400030335,0.1529655626506403,4.19729187547492,0.0,0.0,0.0,0.0,0.0,0.0,2.4365220374361485
0,0.19919782810778158,0.8779651225573876,0.2953266858747136,0.021381829513486137,0.3232233353804662,0.4654004796369369,0.5206859683475389,0.4406512146854882,0.9673548379802545,0.9997143557493762,0.046180154289988416,0.37851808582757246,0.6578088518462802,0.48916419010701107,0.11799795884570617,0.5204087486009402,0.4775053665343242,0.5310649531377106,0.9715366654277261,0.051716296772614405,0.9749509632717637,0.9798976550684763,0.8679255516733044,0.12575751162044874,0.4469408737508298,0.18922347981796633,0.8487859423752495,0.6055566262527241,0.8650804433886499,0.16446135512659202,0.19919782810778158,4.65630933505074,0.0,0.0,0.0,0.0,0.0,0.0,2.4365220374361485
0,0.3810816552447634,0.7042669141218392,0.7680105871102739,0.9676094188717446,0.34778276167296446,0.08396059702807293,0.8370233914269171,0.29357346879677954,0.0673012202951677,0.5587018217850716,0.4616814211802282,0.09848943555312918,0.11459855883756007,0.5721727897233784,0.36100251744075845,0.4996420041945478,0.9326650463874893,0.37603322992290744,0.8526121895270342,0.6147661422856733,0.3121766284345774,0.23559682405823448,0.2400386035151026,0.24178579968057656,0.38103578463448373,0.2670903546018329,0.9213772484577798,0.5305352962020732,0.8977595844188136,0.15451821682669759,0.3810816552447634,3.835375556942211,0.0,0.0,0.0,0.0,0.0,0.0,2.4365220374361485
0,0.16070869778184207,0.7358505101042386,0.8944787809291973,0.16417486374796011,0.8446163936131883,0.04606393214127925,0.05807318958725011,0.842223734692328,0.6529772294755563,0.7491039584576493,0.258587774682319,0.3406809309924211,0.09617876691917523,0.9700781021540574,0.8550067702132615,0.3219725947430074,0.6726798868250442,0.8155957053411979,0.8158464459778787,0.6370125684744573,0.2760571195727028,0.7723454990206703,0.4202135868293835,0.6078405861446715,0.27811938561691024,0.6331473277200048,0.4831983388938315,0.9507378698312142,0.7835342370324817,0.5708044851553741,0.16070869778184207,5.142361675679155,0.0,0.0,0.0,0.0,0.0,0.0,2.4365220374361485
0,0.45295891976376873,0.988100038608372,0.8202638933171336,0.9926768403969287,0.8287761837738499,0.6453714041908324,0.07320017150822468,0.5524029232003017,0.9581705698379421,0.8366217423428645,0.6948844246673028,0.5272239151869824,0.7799045330936148,0.17710336828974213,0.2697588386841854,0.9866450105066764,0.07687488276387816,0.6160968646514712,0.9336771261595329,0.9048922549931094,0.12857722644193556,0.3719891133466686,0.32723941398501327,0.4210231681588759,0.9192680247583034,0.3134550565635634,0.016531083254653984,0.6814397653409539,0.694733857255943,0.8841539495750953,0.45295891976376873,4.703039000852749,0.0,0.0,0.0,0.0,0.0,0.0,2.4365220374361485
0,0.51105094694249,0.6806336900454886,0.6395748854344785,0.2932626963264937,0.9880489402687086,0.9895858591036257,0.3752206242068226,0.78259373818527,0.30175372069515244,0.18333964869596808,0.539191710007238,0.03270007973192165,0.8928834863387833,0.8182123760094911,0.41805462437404994,0.05855803342392611,0.8628469406639043,0.9731803028916055,0.07947370590488924,0.4794420271791394,0.5276891943621482,0.24970731442770633,0.43396222744661744,0.8497293361728021,0.8018104167152093,0.5897389332397387,0.9310499073930546,0.5135027120734486,0.4904236404709144,0.4884297329640108,0.51105094694249,4.2896103479837535,0.0,0.0,0.0,0.0,0.0,0.0,2.4365220374361485
0,0.6054695006184456,0.02110375141164305,0.6549386548692054,0.9219840674774891,0.22403792740667336,0.7724584930191284,0.31298187359663066,0.8938885062884321,0.5484536451866777,0.27526907449052185,0.5861618299061596,0.6804928525907357,0.7023718963205168,0.13945301533479082,0.860618447832233,0.6177915392452491,0.325349081983832,0.7994730858183324,0.10860551173828795,0.6098908807535686,0.3358231973305206,0.7306785581770378,0.6015204702504442,0.9664846835804891,0.20976225663453818,0.8819922814642418,0.4213974577886495,0.05928081293465591,0.41693747023239214,0.3496920587171769,0.6054695006184456,3.8122582254726765,0.0,0.0,0.0,0.0,0.0,0.0,2.4365220374361485
0,0.39299153644543816,0.2554950057279527,0.3548375286470174,0.015684339488686486,0.5309875988679056,0.06613965955965896,0.4366053617714454,0.7690156281973961,0.6295506414537356,0.8268133035874025,0.6287009979029442,0.7946449035322085,0.9792154754781216,0.090132368577589,0.4367750835599401,0.8822050557821579,0.01210382561073841,0.76326635229626,0.957907728499829,0.8671493239891952,0.4247332620044914,0.4155529410746696,0.3527832529832012,0.33456703625860484,0.40938256136963963,0.0522392468806038,0.04100226887312301,0.5522149017880297,0.6797885698102306,0.40566311605554334,0.39299153644543816,3.8861806223627,0.0,0.0,0.0,0.0,0.0,0.0,2.4365220374361485
0,0.6694174214326553,0.5083699036528868,0.1105684807643324,0.3525611379502002,0.1463876175736653,0.2721243436129404,0.8493907835654709,0.7972837899632688,0.14783234438313814,0.4768546714591312,0.38024577024306966,0.9327846896206937,0.9848515963131932,0.9007319729852498,0.7075478389319656,0.9024499020990495,0.04574325248849579,0.7596309389021193,0.1470657470627298,0.3515202722720957,0.6839362974583728,0.6350082819000162,0.5338306635956377,0.38892707164248985,0.9422848165567359,0.29498179565762944,0.23432984206281182,0.5884181573940508,0.8328355771510261,0.14904948345549926,0.6694174214326553,3.724281895723187,0.0,0.0,0.0,0.0,0.0,0.0,2.4365220374361485
0,0.2530040368315849,0.897874664791809,0.34639622242963747,0.5975945025145764,0.853562531775379,0.3523277267218111,0.61599581346374,0.08183279836214079,0.7842746140569326,0.772439408188669,0.5149843478586246,0.6374683381093535,0.4528715271288633,0.47316541120958133,0.04569964910701265,0.09148140860948165,0.40169819503171716,0.2973589389680773,0.25966147445627175,0.9416498893923817,0.5984001669773528,0.895753966116609,0.41395633667625725,0.6208353058855531,0.17209749949655637,0.4765704367691642,0.45083791352910085,0.4602519028929051,0.11392675676547094,0.5847680136392885,0.2530040368315849,4.23888303639167,0.0,0.0,0.0,0.0,0.0,0.0,2.4365220374361485
1,0.05555958419321089,0.0,0.0,0.0,0.0,0.0,0.0,0.0,0.0,0.0,0.0,0.0,0.0,0.0,0.0,0.0,0.0,0.0,0.0,0.0,0.0,0.0,0.0,0.0,0.0,0.0,0.0,0.0,0.0,0.0,0.05555958419321089,0.7642891937283933,0.05857399999565377,0.015847844822078194,-1.525906617822944,0.9650599215407092,0.14640960496903607,-4.215799835309099,5.215175038650387
1,0.3776397447420557,0.0,0.0,0.0,0.0,0.0,0.0,0.0,0.0,0.0,0.0,0.0,0.0,0.0,0.0,0.0,0.0,0.0,0.0,0.0,0.0,0.0,0.0,0.0,0.0,0.0,0.0,0.0,0.0,0.0,0.3776397447420557,0.38547600149216654,0.3777283042500972,0.009306862634935072,-0.4215129370186972,0.17727953544431685,0.10622457323631054,-5.331630014425173,5.215175038650387
1,0.6518100328405274,0.0,0.0,0.0,0.0,0.0,0.0,0.0,0.0,0.0,0.0,0.0,0.0,0.0,0.0,0.0,0.0,0.0,0.0,0.0,0.0,0.0,0.0,0.0,0.0,0.0,0.0,0.0,0.0,0.0,0.6518100328405274,0.19265247084014225,0.651182702660837,0.010434209026479862,0.5247419170351577,-0.06994673575992705,0.11161523570288952,-5.681806966465047,5.215175038650387
1,0.19571999950801372,0.0,0.0,0.0,0.0,0.0,0.0,0.0,0.0,0.0,0.0,0.0,0.0,0.0,0.0,0.0,0.0,0.0,0.0,0.0,0.0,0.0,0.0,0.0,0.0,0.0,0.0,0.0,0.0,0.0,0.19571999950801372,0.5575974689177132,0.1972495491533579,0.010743732894547756,-1.04603716868737,0.5103661904159522,0.11850283946271667,-4.859838448605842,5.215175038650387
1,0.5083347640279442,0.0,0.0,0.0,0.0,0.0,0.0,0.0,0.0,0.0,0.0,0.0,0.0,0.0,0.0,0.0,0.0,0.0,0.0,0.0,0.0,0.0,0.0,0.0,0.0,0.0,0.0,0.0,0.0,0.0,0.5083347640279442,0.2870240087997744,0.5079790679638535,0.009266936857081479,0.029203592408766355,0.03986786291542632,0.1063539784862562,-5.526263054136052,5.215175038650387
1,0.2792312365421881,0.0,0.0,0.0,0.0,0.0,0.0,0.0,0.0,0.0,0.0,0.0,0.0,0.0,0.0,0.0,0.0,0.0,0.0,0.0,0.0,0.0,0.0,0.0,0.0,0.0,0.0,0.0,0.0,0.0,0.2792312365421881,0.47157665026781026,0.2800506816760784,0.009656164169545876,-0.759514172435928,0.3284813444193384,0.11046224817275414,-5.117464309656498,5.215175038650387
1,0.12107560012960872,0.0,0.0,0.0,0.0,0.0,0.0,0.0,0.0,0.0,0.0,0.0,0.0,0.0,0.0,0.0,0.0,0.0,0.0,0.0,0.0,0.0,0.0,0.0,0.0,0.0,0.0,0.0,0.0,0.0,0.12107560012960872,0.6520408068040037,0.12304595032797405,0.012904068124314752,-1.3028094714364293,0.7274353648175564,0.1306579450841412,-4.55237669907774,5.215175038650387
1,0.804438449314335,0.0,0.0,0.0,0.0,0.0,0.0,0.0,0.0,0.0,0.0,0.0,0.0,0.0,0.0,0.0,0.0,0.0,0.0,0.0,0.0,0.0,0.0,0.0,0.0,0.0,0.0,0.0,0.0,0.0,0.804438449314335,0.10309507231015003,0.8038351890037759,0.01148750525492772,1.052976814791048,-0.15614353771590528,0.12207095414035017,-5.8038980906708275,5.215175038650387
1,0.44366861389905565,0.0,0.0,0.0,0.0,0.0,0.0,0.0,0.0,0.0,0.0,0.0,0.0,0.0,0.0,0.0,0.0,0.0,0.0,0.0,0.0,0.0,0.0,0.0,0.0,0.0,0.0,0.0,0.0,0.0,0.44366861389905565,0.33391546039631304,0.44347746332342763,0.009165340721531927,-0.19399616901393557,0.10150660009500001,0.10560903995550976,-5.4389565352616955,5.215175038650387
1,0.15745528653818264,0.0,0.0,0.0,0.0,0.0,0.0,0.0,0.0,0.0,0.0,0.0,0.0,0.0,0.0,0.0,0.0,0.0,0.0,0.0,0.0,0.0,0.0,0.0,0.0,0.0,0.0,0.0,0.0,0.0,0.15745528653818264,0.6031936410058647,0.15921713938648757,0.011692654675888474,-1.1776435811730463,0.6146831724077759,0.12405191567976884,-4.712081486443367,5.215175038650387
2,0.000734724117665661,0.0,0.0,0.0,0.0,0.0,0.0,0.0,0.0,0.0,0.0,0.0,0.0,0.0,0.0,0.0,0.0,0.0,0.0,0.0,0.0,0.0,0.0,0.0,0.0,0.0,0.0,0.0,0.0,0.0,0.000734724117665661,0.9728942050906885,0.0017267428799108697,0.001812645327812885,-1.6896854238793821,0.8873963931517799,0.0026255079142112506,-2.2538193713116925,5.468508034003471
2,0.8686731024847272,0.0,0.0,0.0,0.0,0.0,0.0,0.0,0.0,0.0,0.0,0.0,0.0,0.0,0.0,0.0,0.0,0.0,0.0,0.0,0.0,0.0,0.0,0.0,0.0,0.0,0.0,0.0,0.0,0.0,0.8686731024847272,0.06797365783754417,0.8688236244326211,0.0026996615231097377,1.3306755326515827,0.06809346045430908,0.006065220164906484,-2.9289106506766984,5.468508034003471
2,0.7342249810979773,0.0,0.0,0.0,0.0,0.0,0.0,0.0,0.0,0.0,0.0,0.0,0.0,0.0,0.0,0.0,0.0,0.0,0.0,0.0,0.0,0.0,0.0,0.0,0.0,0.0,0.0,0.0,0.0,0.0,0.7342249810979773,0.14313070944397988,0.7341345722786166,0.0011619073970567109,0.861512786189337,0.14316388608682562,0.0016166487404193333,-2.867053933630814,5.468508034003471
2,0.56585845279347,0.0,0.0,0.0,0.0,0.0,0.0,0.0,0.0,0.0,0.0,0.0,0.0,0.0,0.0,0.0,0.0,0.0,0.0,0.0,0.0,0.0,0.0,0.0,0.0,0.0,0.0,0.0,0.0,0.0,0.56585845279347,0.24776436351800635,0.565877553627138,0.0006502256023093037,0.2754226495402463,0.24774691393475656,0.00023160883232269922,-2.7808793488075025,5.468508034003471
2,0.08680659927849868,0.0,0.0,0.0,0.0,0.0,0.0,0.0,0.0,0.0,0.0,0.0,0.0,0.0,0.0,0.0,0.0,0.0,0.0,0.0,0.0,0.0,0.0,0.0,0.0,0.0,0.0,0.0,0.0,0.0,0.08680659927849868,0.7053704032543595,0.08676243806836581,0.00016330234544512491,-1.3934803525397683,0.7062087228787206,0.0,-2.4031148409703746,5.468508034003471
2,0.23891773804342964,0.0,0.0,0.0,0.0,0.0,0.0,0.0,0.0,0.0,0.0,0.0,0.0,0.0,0.0,0.0,0.0,0.0,0.0,0.0,0.0,0.0,0.0,0.0,0.0,0.0,0.0,0.0,0.0,0.0,0.23891773804342964,0.5112078784969734,0.2389230369021494,0.00018941049260424943,-0.8634589193903821,0.5111277164904955,0.0008725507987850989,-2.5638581764651462,5.468508034003471
2,0.028201348202753912,0.0,0.0,0.0,0.0,0.0,0.0,0.0,0.0,0.0,0.0,0.0,0.0,0.0,0.0,0.0,0.0,0.0,0.0,0.0,0.0,0.0,0.0,0.0,0.0,0.0,0.0,0.0,0.0,0.0,0.028201348202753912,0.8320674295952274,0.028491571163246632,0.0006337736640232918,-1.5964554237777975,0.8223332028724695,0.0010494839027040273,-2.307430301545537,5.468508034003471
2,0.350416352159561,0.0,0.0,0.0,0.0,0.0,0.0,0.0,0.0,0.0,0.0,0.0,0.0,0.0,0.0,0.0,0.0,0.0,0.0,0.0,0.0,0.0,0.0,0.0,0.0,0.0,0.0,0.0,0.0,0.0,0.350416352159561,0.4080402444763994,0.35041379838924847,0.00021342825967969798,-0.47510284272391345,0.4080685729674123,0.00040495779044363715,-2.6487771072715987,5.468508034003471
2,0.40868226515570893,0.0,0.0,0.0,0.0,0.0,0.0,0.0,0.0,0.0,0.0,0.0,0.0,0.0,0.0,0.0,0.0,0.0,0.0,0.0,0.0,0.0,0.0,0.0,0.0,0.0,0.0,0.0,0.0,0.0,0.40868226515570893,0.36071738240766393,0.40868383726965407,0.0001492285902406311,-0.2721306557466505,0.36070671933167464,0.0005276253891943132,-2.687802445871057,5.468508034003471
2,0.07028807285893401,0.0,0.0,0.0,0.0,0.0,0.0,0.0,0.0,0.0,0.0,0.0,0.0,0.0,0.0,0.0,0.0,0.0,0.0,0.0,0.0,0.0,0.0,0.0,0.0,0.0,0.0,0.0,0.0,0.0,0.07028807285893401,0.734881021315082,0.07024310946596912,0.00014125988884029734,-1.451022175374419,0.7358323380968588,0.0,-2.378705500421347,5.468508034003471
3,0.0,0.6047659393167972,0.0,0.009439580960960144,0.0,0.08338561459023135,0.11202175389543244,0.6494115939500106,0.0,0.007945264515398637,0.48705472262151756,0.2654227377258562,0.0,0.6167933090253983,0.03730468447692072,0.00012314673237464571,0.2726890693004076,0.4054676958042316,0.5516090374690588,0.40737253309446153,0.1530744201887617,0.2814777415963764,0.2577721868490241,0.3992137214452057,0.2650431703680813,0.0,0.25831567797381644,0.0,0.04836966783471854,0.20605045342300363,0.0,2.980038396842152,-0.001501205960774299,0.008044461332833899,-1.637504946604622,2.9812783578765782,0.07574581040100278,-0.26277004192525055,5.477836911956695
3,0.6097947332511124,0.0,0.0,0.0,0.0,0.0,0.0,0.0,0.0,0.0,0.0,0.0,0.0,0.0,0.0,0.0,0.0,0.0,0.0,0.0,0.0,0.0,0.0,0.0,0.0,0.0,0.0,0.0,0.0,0.0,0.6097947332511124,0.21910645203644274,0.6097927744550182,0.0,0.46683538899765153,0.21917287826682985,0.0040514161524666595,-2.1675622525581275,5.477836911956695
3,0.30895949741861034,0.0,0.0,0.0,0.0,0.0,0.0,0.0,0.0,0.0,0.0,0.0,0.0,0.0,0.0,0.0,0.0,0.0,0.0,0.0,0.0,0.0,0.0,0.0,0.0,0.0,0.0,0.0,0.0,0.0,0.30895949741861034,0.44415874800568256,0.3089594862151154,0.000328324911931382,-0.5687639184002364,0.44414249978690234,0.0019586981474231362,-2.012419595674146,5.477836911956695
3,0.014354333139469516,0.0,0.0,0.0,0.0,0.0,0.0,0.0,0.0,0.0,0.0,0.0,0.0,0.0,0.0,0.0,0.0,0.0,0.0,0.0,0.0,0.0,0.0,0.0,0.0,0.0,0.0,0.0,0.0,0.0,0.014354333139469516,0.8801904296833115,0.0143512689759554,0.000257347817270227,-1.582933817986941,0.8911147054374964,0.0006397855148769422,-1.7041803984466242,5.477836911956695
3,0.7094706444764725,0.0,0.0,0.0,0.0,0.0,0.0,0.0,0.0,0.0,0.0,0.0,0.0,0.0,0.0,0.0,0.0,0.0,0.0,0.0,0.0,0.0,0.0,0.0,0.0,0.0,0.0,0.0,0.0,0.0,0.7094706444764725,0.1576991959659112,0.7094751431549586,0.00040167656301804615,0.8099855522971211,0.15746989848145976,0.0032054881951073797,-2.2101136164128548,5.477836911956695
3,0.47732180295871585,0.0,0.0,0.0,0.0,0.0,0.0,0.0,0.0,0.0,0.0,0.0,0.0,0.0,0.0,0.0,0.0,0.0,0.0,0.0,0.0,0.0,0.0,0.0,0.0,0.0,0.0,0.0,0.0,0.0,0.47732180295871585,0.3091152028313867,0.4773216445170279,0.00027326654864686723,0.010812017326770729,0.30912465209532813,0.0019017673267791642,-2.105530067550717,5.477836911956695
3,0.0419969500427079,0.0,0.0,0.0,0.0,0.0,0.0,0.0,0.0,0.0,0.0,0.0,0.0,0.0,0.0,0.0,0.0,0.0,0.0,0.0,0.0,0.0,0.0,0.0,0.0,0.0,0.0,0.0,0.0,0.0,0.0419969500427079,0.7950684259497627,0.041997858722156056,0.0,-1.4877622052954393,0.7932337417733857,0.0005530954937324499,-1.7716806798562175,5.477836911956695
3,0.21578256634441734,0.0,0.0,0.0,0.0,0.0,0.0,0.0,0.0,0.0,0.0,0.0,0.0,0.0,0.0,0.0,0.0,0.0,0.0,0.0,0.0,0.0,0.0,0.0,0.0,0.0,0.0,0.0,0.0,0.0,0.21578256634441734,0.5354759787218563,0.2157825586731711,0.00017991898549285623,-0.8895195175975914,0.5354371770094462,0.0009843262927096892,-1.9494613229617244,5.477836911956695
3,0.10272468127891624,0.0,0.0,0.0,0.0,0.0,0.0,0.0,0.0,0.0,0.0,0.0,0.0,0.0,0.0,0.0,0.0,0.0,0.0,0.0,0.0,0.0,0.0,0.0,0.0,0.0,0.0,0.0,0.0,0.0,0.10272468127891624,0.6794930870029224,0.1027247505587463,0.0,-1.2787137735399483,0.6797449312048442,0.0007534895725931133,-1.8499443826585775,5.477836911956695
3,0.1390481552491924,0.0,0.0,0.0,0.0,0.0,0.0,0.0,0.0,0.0,0.0,0.0,0.0,0.0,0.0,0.0,0.0,0.0,0.0,0.0,0.0,0.0,0.0,0.0,0.0,0.0,0.0,0.0,0.0,0.0,0.1390481552491924,0.6271083867271987,0.1390481253938099,0.00024367785512245077,-1.1536728844760091,0.6269705519412336,0.0007100850905003267,-1.8863384404830867,5.477836911956695
4,0.0,0.208636560363767,0.04734446219176043,0.32529894976520773,0.17587105932497582,0.12829808017577415,0.6795415717423998,0.16170709354276644,0.0,0.0871684330111373,0.0,0.024888615071211564,0.3818024138001404,0.0,0.5086820152909138,0.44487154968509934,0.15363671770267415,0.1677944417027159,0.0008533449335772308,0.1648454215993613,0.1816315167732271,0.4223569903583436,0.0,0.19173525104257053,0.2455393158139124,0.281513188603124,0.24997014970996956,0.19549118002828544,0.0,0.29248819594557074,0.0,2.7757827125381507,-0.0009051083904281221,0.007446049405626476,-1.5676707014242623,2.6056978070542156,0.08161419395773402,-0.3544180269386743,5.481041630750024
4,0.7818968589810057,0.0,0.0,0.0,0.0,0.0,0.0,0.0,0.0,0.0,0.0,0.0,0.0,0.0,0.0,0.0,0.0,0.0,0.0,0.0,0.0,0.0,0.0,0.0,0.0,0.0,0.0,0.0,0.0,0.0,0.7818968589810057,0.11575068053121707,0.7818921725866694,0.0009063621971443662,1.1072965718838077,0.11664643519443008,0.005346764299652578,-1.9391875130426115,5.481041630750024
4,0.5313000302016399,0.0,0.0,0.0,0.0,0.0,0.0,0.0,0.0,0.0,0.0,0.0,0.0,0.0,0.0,0.0,0.0,0.0,0.0,0.0,0.0,0.0,0.0,0.0,0.0,0.0,0.0,0.0,0.0,0.0,0.5313000302016399,0.27109669351714427,0.5313000535346024,0.0009471742167171582,0.25097561407913815,0.27100541569019976,0.0032102561916072772,-1.8409077406918186,5.481041630750024
4,0.1744604613130898,0.0,0.0,0.0,0.0,0.0,0.0,0.0,0.0,0.0,0.0,0.0,0.0,0.0,0.0,0.0,0.0,0.0,0.0,0.0,0.0,0.0,0.0,0.0,0.0,0.0,0.0,0.0,0.0,0.0,0.1744604613130898,0.5823153566228586,0.17446046241209318,0.0009526299259674796,-0.968413174397341,0.5823146445841894,0.0009361562907982792,-1.6426983456301514,5.481041630750024
4,0.2624501515124035,0.0,0.0,0.0,0.0,0.0,0.0,0.0,0.0,0.0,0.0,0.0,0.0,0.0,0.0,0.0,0.0,0.0,0.0,0.0,0.0,0.0,0.0,0.0,0.0,0.0,0.0,0.0,0.0,0.0,0.2624501515124035,0.48770111115443215,0.26245015134622207,0.000556696773499351,-0.6677356631091556,0.4877027043132589,0.0011388848128567864,-1.7029374060439295,5.481041630750024
4,0.0059528727366904895,0.0,0.0,0.0,0.0,0.0,0.0,0.0,0.0,0.0,0.0,0.0,0.0,0.0,0.0,0.0,0.0,0.0,0.0,0.0,0.0,0.0,0.0,0.0,0.0,0.0,0.0,0.0,0.0,0.0,0.0059528727366904895,0.9228451379581916,0.005952270927337799,0.0010769599447972783,-1.5442377313546842,0.9306464627508166,0.0,-1.4209168096158464,5.481041630750024
4,0.42515817959915436,0.0,0.0,0.0,0.0,0.0,0.0,0.0,0.0,0.0,0.0,0.0,0.0,0.0,0.0,0.0,0.0,0.0,0.0,0.0,0.0,0.0,0.0,0.0,0.0,0.0,0.0,0.0,0.0,0.0,0.42515817959915436,0.3479584525514081,0.42515817939568407,0.0007625257420554521,-0.11173136836565334,0.34796021010373623,0.0011562107580078461,-1.7919109174945334,5.481041630750024
4,0.184387787815868,0.0,0.0,0.0,0.0,0.0,0.0,0.0,0.0,0.0,0.0,0.0,0.0,0.0,0.0,0.0,0.0,0.0,0.0,0.0,0.0,0.0,0.0,0.0,0.0,0.0,0.0,0.0,0.0,0.0,0.184387787815868,0.5705960086167479,0.18438778878688517,0.0008310986033606153,-0.9344896110312675,0.5705944665097897,0.0008453387332916023,-1.6501605381722584,5.481041630750024
4,0.03556164791810317,0.0,0.0,0.0,0.0,0.0,0.0,0.0,0.0,0.0,0.0,0.0,0.0,0.0,0.0,0.0,0.0,0.0,0.0,0.0,0.0,0.0,0.0,0.0,0.0,0.0,0.0,0.0,0.0,0.0,0.03556164791810317,0.8114220375597849,0.0355618744173643,0.0010050677220811595,-1.4430560816016538,0.8119559706987571,0.0,-1.496486591831399,5.481041630750024
4,0.11061505788121967,0.0,0.0,0.0,0.0,0.0,0.0,0.0,0.0,0.0,0.0,0.0,0.0,0.0,0.0,0.0,0.0,0.0,0.0,0.0,0.0,0.0,0.0,0.0,0.0,0.0,0.0,0.0,0.0,0.0,0.11061505788121967,0.6674115788527513,0.11061506572694418,0.0009609094092464114,-1.1865850444771269,0.6673952611184264,0.0,-1.5885278425755587,5.481041630750024
5,0.0,0.0,0.00023115546928318098,0.25580528849885503,0.2060807779424156,0.47434564765484716,0.0,0.0,0.043680008325848715,0.22584613630575634,0.009134480512413437,0.1035772373635354,0.0,0.06270458169883603,0.0,0.0,0.19441693515893105,0.05617216051638738,0.12482419599130164,0.06131655638714729,0.22370728402968199,0.0,0.10914497117963429,0.0,0.1978409974204484,0.0,0.22443952421019875,0.1988406328302384,0.04034050956373283,0.08708230862557198,0.0,1.8998545692126063,-0.0004470958326436292,0.0038374829307276574,-1.5074693987698993,1.7706506591437086,0.05299842117738069,-0.7408062165923184,5.483584112184649
5,0.8560324250425793,0.0,0.0,0.0,0.0,0.0,0.0,0.0,0.0,0.0,0.0,0.0,0.0,0.0,0.0,0.0,0.0,0.0,0.0,0.0,0.0,0.0,0.0,0.0,0.0,0.0,0.0,0.0,0.0,0.0,0.8560324250425793,0.07477979645784905,0.8560408277589695,0.0009346693619188053,1.4034986695478437,0.06836863938687143,0.011664952055955434,-1.7746612316691426,5.483584112184649
5,0.3324575987462817,0.0,0.0,0.0,0.0,0.0,0.0,0.0,0.0,0.0,0.0,0.0,0.0,0.0,0.0,0.0,0.0,0.0,0.0,0.0,0.0,0.0,0.0,0.0,0.0,0.0,0.0,0.0,0.0,0.0,0.3324575987462817,0.4234086379884956,0.33245759838979355,0.0,-0.37601744482890354,0.4233580999535187,0.004696393041459156,-1.5590637984314526,5.483584112184649
5,0.2952774379239174,0.0,0.0,0.0,0.0,0.0,0.0,0.0,0.0,0.0,0.0,0.0,0.0,0.0,0.0,0.0,0.0,0.0,0.0,0.0,0.0,0.0,0.0,0.0,0.0,0.0,0.0,0.0,0.0,0.0,0.2952774379239174,0.4566056331503634,0.295277437767025,0.0,-0.5023826361721149,0.4566295450220128,0.0024841575137355726,-1.5388568938506069,5.483584112184649
5,0.46508233661716475,0.0,0.0,0.0,0.0,0.0,0.0,0.0,0.0,0.0,0.0,0.0,0.0,0.0,0.0,0.0,0.0,0.0,0.0,0.0,0.0,0.0,0.0,0.0,0.0,0.0,0.0,0.0,0.0,0.0,0.46508233661716475,0.31803054568612477,0.46508233678497973,0.0011805868578739598,0.07473774727986893,0.31805336036524645,0.002763572251359402,-1.6230190255155321,5.483584112184649
5,0.6022257844845699,0.0,0.0,0.0,0.0,0.0,0.0,0.0,0.0,0.0,0.0,0.0,0.0,0.0,0.0,0.0,0.0,0.0,0.0,0.0,0.0,0.0,0.0,0.0,0.0,0.0,0.0,0.0,0.0,0.0,0.6022257844845699,0.2239679230311611,0.6022257863188563,0.0,0.5408508019718283,0.2240848495294121,0.003479418489099837,-1.680089367009714,5.483584112184649
5,0.02048869326159044,0.0,0.0,0.0,0.0,0.0,0.0,0.0,0.0,0.0,0.0,0.0,0.0,0.0,0.0,0.0,0.0,0.0,0.0,0.0,0.0,0.0,0.0,0.0,0.0,0.0,0.0,0.0,0.0,0.0,0.02048869326159044,0.856861279656445,0.020488211711101934,0.00098977802319215,-1.4363160175234952,0.8584593813108907,0.0001651157860122779,-1.2948116730040056,5.483584112184649
5,0.36294274236907986,0.0,0.0,0.0,0.0,0.0,0.0,0.0,0.0,0.0,0.0,0.0,0.0,0.0,0.0,0.0,0.0,0.0,0.0,0.0,0.0,0.0,0.0,0.0,0.0,0.0,0.0,0.0,0.0,0.0,0.36294274236907986,0.397552705733456,0.36294274225126044,0.0,-0.27240678331872914,0.3975753599226417,0.0024714426640774995,-1.574722552253661,5.483584112184649
5,0.2235809008229239,0.0,0.0,0.0,0.0,0.0,0.0,0.0,0.0,0.0,0.0,0.0,0.0,0.0,0.0,0.0,0.0,0.0,0.0,0.0,0.0,0.0,0.0,0.0,0.0,0.0,0.0,0.0,0.0,0.0,0.2235809008229239,0.5271565789577655,0.22358090083262763,0.0,-0.7460595449483662,0.5271545578597903,0.001025621498509209,-1.496024603216938,5.483584112184649
5,0.24708861454021291,0.0,0.0,0.0,0.0,0.0,0.0,0.0,0.0,0.0,0.0,0.0,0.0,0.0,0.0,0.0,0.0,0.0,0.0,0.0,0.0,0.0,0.0,0.0,0.0,0.0,0.0,0.0,0.0,0.0,0.24708861454021291,0.5029199113420324,0.24708861450023614,0.0006455289583035209,-0.6661632592440583,0.5029217289714198,0.00119668285913917,-1.5107420421518327,5.483584112184649
6,0.0,0.1941534868161965,0.38178730002815997,0.0,0.21700046428949585,0.0,0.009599379325216732,0.0,0.20053576467410245,0.0,0.14158051301539787,0.13952323876791428,0.20895914001071791,0.14597255848260196,0.34022360632682797,7.070594504099367e-05,0.0,0.1485462680369401,0.2874593603704275,0.1900465393287327,0.39222033568863995,0.0832202830438174,0.3376762750627347,0.26488508610079675,0.3567634135920609,0.13664583511633402,0.10724592794723821,0.1735878481360128,0.23888996156686684,0.22200451447967615,0.0,2.5264613881161226,-0.00044887953154160165,0.0035070638668606153,-1.494299256001247,2.3765200644742186,0.05587575916950188,-0.26515684921363025,5.484939956810184
6,0.6996238381205366,0.0,0.0,0.0,0.0,0.0,0.0,0.0,0.0,0.0,0.0,0.0,0.0,0.0,0.0,0.0,0.0,0.0,0.0,0.0,0.0,0.0,0.0,0.0,0.0,0.0,0.0,0.0,0.0,0.0,0.6996238381205366,0.163564803394467,0.6996238407403981,0.0,0.9011919900674623,0.16365256436152942,0.004300685914247193,-1.5621163062705001,5.484939956810184
6,0.5516124930339859,0.0,0.0,0.0,0.0,0.0,0.0,0.0,0.0,0.0,0.0,0.0,0.0,0.0,0.0,0.0,0.0,0.0,0.0,0.0,0.0,0.0,0.0,0.0,0.0,0.0,0.0,0.0,0.0,0.0,0.5516124930339859,0.2572938043654235,0.551612493194972,0.0,0.394730479574417,0.257245998522853,0.0032040985288959143,-1.5072612869131383,5.484939956810184
6,0.39008473553387535,0.0,0.0,0.0,0.0,0.0,0.0,0.0,0.0,0.0,0.0,0.0,0.0,0.0,0.0,0.0,0.0,0.0,0.0,0.0,0.0,0.0,0.0,0.0,0.0,0.0,0.0,0.0,0.0,0.0,0.39008473553387535,0.37543236112181144,0.3900847354822192,0.0,-0.15798114365195615,0.37542555705889535,0.001752837150058437,-1.4379963643335802,5.484939956810184
6,0.4848973837345553,0.0,0.0,0.0,0.0,0.0,0.0,0.0,0.0,0.0,0.0,0.0,0.0,0.0,0.0,0.0,0.0,0.0,0.0,0.0,0.0,0.0,0.0,0.0,0.0,0.0,0.0,0.0,0.0,0.0,0.4848973837345553,0.303654264223184,0.48489738385267595,0.0,0.16644639453264123,0.30365427687389834,0.0011944985465112158,-1.4800614407903812,5.484939956810184
6,0.07813631734331294,0.0,0.0,0.0,0.0,0.0,0.0,0.0,0.0,0.0,0.0,0.0,0.0,0.0,0.0,0.0,0.0,0.0,0.0,0.0,0.0,0.0,0.0,0.0,0.0,0.0,0.0,0.0,0.0,0.0,0.07813631734331294,0.7204712584664809,0.07813628334284556,0.0,-1.2253985199986308,0.7204892951089632,0.0006851243766125706,-1.2357548481430989,5.484939956810184
6,0.12861028232515412,0.0,0.0,0.0,0.0,0.0,0.0,0.0,0.0,0.0,0.0,0.0,0.0,0.0,0.0,0.0,0.0,0.0,0.0,0.0,0.0,0.0,0.0,0.0,0.0,0.0,0.0,0.0,0.0,0.0,0.12861028232515412,0.6413772423211905,0.1286102843369219,0.0,-1.0526878514720721,0.6413776976152503,0.0008166480278290639,-1.2821220773274593,5.484939956810184
6,0.20379218512870112,0.0,0.0,0.0,0.0,0.0,0.0,0.0,0.0,0.0,0.0,0.0,0.0,0.0,0.0,0.0,0.0,0.0,0.0,0.0,0.0,0.0,0.0,0.0,0.0,0.0,0.0,0.0,0.0,0.0,0.20379218512870112,0.5485665219229957,0.20379218520308753,0.0,-0.7954323119079147,0.5485670270814751,0.0,-1.3365183196955357,5.484939956810184
6,0.06418943341165423,0.0,0.0,0.0,0.0,0.0,0.0,0.0,0.0,0.0,0.0,0.0,0.0,0.0,0.0,0.0,0.0,0.0,0.0,0.0,0.0,0.0,0.0,0.0,0.0,0.0,0.0,0.0,0.0,0.0,0.06418943341165423,0.7466436631705174,0.06418944201410631,0.0,-1.2731214712662167,0.7466121907060144,0.0,-1.2204442448247441,5.484939956810184
6,0.04769770215045194,0.0,0.0,0.0,0.0,0.0,0.0,0.0,0.0,0.0,0.0,0.0,0.0,0.0,0.0,0.0,0.0,0.0,0.0,0.0,0.0,0.0,0.0,0.0,0.0,0.0,0.0,0.0,0.0,0.0,0.04769770215045194,0.7816019639501034,0.04769787140481985,0.0,-1.3295519132539064,0.7816623812070596,0.0,-1.199901362777057,5.484939956810184
7,0.0,0.20648167222307615,0.05204352782428129,4.787834751735934e-07,0.0,0.0,1.1678593590684988e-06,4.040941956824149e-05,0.15336826181667695,0.2647156630478583,0.19136756822758413,0.04048552571610826,7.975587135356767e-07,0.0,0.0,0.33816186794682696,0.042975167937412816,0.13884363950025333,0.025325456079762797,0.20539155071815654,0.0,0.0,0.0,0.0,0.0,0.0,0.04645199746567416,0.15854655561557576,3.916239474254306e-05,0.08364266512661944,0.0,1.6045154557708803,-0.0002221186303769107,0.003795385645616821,-1.4583972473192262,1.455560603737679,0.04898685711673857,-0.7140897906392638,5.486265654544764
7,0.7691066274220028,0.0,0.0,0.0,0.0,0.0,0.0,0.0,0.0,0.0,0.0,0.0,0.0,0.0,0.0,0.0,0.0,0.0,0.0,0.0,0.0,0.0,0.0,0.0,0.0,0.0,0.0,0.0,0.0,0.0,0.7691066274220028,0.12301275526835465,0.7691066922756886,0.0,1.1768327843637962,0.12322010932029759,0.003940565137845945,-1.480912706619165,5.486265654544764
7,0.5905800756482342,0.0,0.0,0.0,0.0,0.0,0.0,0.0,0.0,0.0,0.0,0.0,0.0,0.0,0.0,0.0,0.0,0.0,0.0,0.0,0.0,0.0,0.0,0.0,0.0,0.0,0.0,0.0,0.0,0.0,0.5905800756482342,0.23150792089427874,0.5905800757656483,0.0,0.5653144132684247,0.2315136105173039,0.0018308244646382363,-1.41858484169461,5.486265654544764
7,0.32306957204384107,0.0,0.0,0.0,0.0,0.0,0.0,0.0,0.0,0.0,0.0,0.0,0.0,0.0,0.0,0.0,0.0,0.0,0.0,0.0,0.0,0.0,0.0,0.0,0.0,0.0,0.0,0.0,0.0,0.0,0.32306957204384107,0.4316079064203645,0.323069572013666,0.001712699970110485,-0.3510060251246614,0.4316066047372167,0.0007140695339506888,-1.3034221682355565,5.486265654544764
7,0.14789960855956405,0.0,0.0,0.0,0.0,0.0,0.0,0.0,0.0,0.0,0.0,0.0,0.0,0.0,0.0,0.0,0.0,0.0,0.0,0.0,0.0,0.0,0.0,0.0,0.0,0.0,0.0,0.0,0.0,0.0,0.14789960855956405,0.6154228184621922,0.14789960772187372,0.0,-0.9510266457054968,0.6154231152182876,0.00220945280209044,-1.1976273559012043,5.486265654544764
7,0.09575985418572104,0.0,0.0,0.0,0.0,0.0,0.0,0.0,0.0,0.0,0.0,0.0,0.0,0.0,0.0,0.0,0.0,0.0,0.0,0.0,0.0,0.0,0.0,0.0,0.0,0.0,0.0,0.0,0.0,0.0,0.09575985418572104,0.6905491086040936,0.09575985304271817,0.0,-1.1296242042881204,0.6905495571966682,0.00208801623865908,-1.1543886511208257,5.486265654544764
7,0.010891538549146262,0.0,0.0,0.0,0.0,0.0,0.0,0.0,0.0,0.0,0.0,0.0,0.0,0.0,0.0,0.0,0.0,0.0,0.0,0.0,0.0,0.0,0.0,0.0,0.0,0.0,0.0,0.0,0.0,0.0,0.010891538549146262,0.8956374657784401,0.010890982164706742,0.0,-1.4203308489923074,0.8944709170574627,0.0007241349773075585,-1.0370225780679903,5.486265654544764
7,0.1666474929715008,0.0,0.0,0.0,0.0,0.0,0.0,0.0,0.0,0.0,0.0,0.0,0.0,0.0,0.0,0.0,0.0,0.0,0.0,0.0,0.0,0.0,0.0,0.0,0.0,0.0,0.0,0.0,0.0,0.0,0.1666474929715008,0.5917751930963764,0.16664749289808206,0.0020328594935380144,-0.8868083435354492,0.5917749620916894,0.0016822911980292597,-1.2112379500504176,5.486265654544764
7,0.45375571769462075,0.0,0.0,0.0,0.0,0.0,0.0,0.0,0.0,0.0,0.0,0.0,0.0,0.0,0.0,0.0,0.0,0.0,0.0,0.0,0.0,0.0,0.0,0.0,0.0,0.0,0.0,0.0,0.0,0.0,0.45375571769462075,0.32638607667698794,0.45375571773942175,0.0019789825372076904,0.09664139306551078,0.3263872829218739,0.0008734772719985896,-1.3639807022664172,5.486265654544764
7,0.23023493100160447,0.0,0.0,0.0,0.0,0.0,0.0,0.0,0.0,0.0,0.0,0.0,0.0,0.0,0.0,0.0,0.0,0.0,0.0,0.0,0.0,0.0,0.0,0.0,0.0,0.0,0.0,0.0,0.0,0.0,0.23023493100160447,0.5201719776819986,0.2302349309993808,0.0,-0.6689983198539267,0.5201719649952734,0.001856555371178455,-1.252448751085467,5.486265654544764
8,0.0,0.1988645910681274,0.06341859500345293,0.28041982790504405,0.021763322402221095,0.0,0.3163169112447293,0.2478273624755566,0.0,0.14850807499871746,0.083153751874507,0.3679621910116051,0.14948131380534263,0.285607237085722,0.007374495944838711,0.005200925112320437,0.15817035895918313,0.0,0.3126665151289092,0.2119397952214821,0.0,0.14888315798729115,0.12797347008235083,0.0,0.07529944880361893,0.29487864087207694,0.4324806271472151,0.19021836351277172,0.1720150101992456,0.12595074376397836,0.0,2.3737025029135435,-0.0002827268465948052,0.005081486185385472,-1.4322204650268957,2.229550953307373,0.05833570185729815,-0.19536671069470446,5.486871338287958
8,0.6411858139983989,0.0,0.0,0.0,0.0,0.0,0.0,0.0,0.0,0.0,0.0,0.0,0.0,0.0,0.0,0.0,0.0,0.0,0.0,0.0,0.0,0.0,0.0,0.0,0.0,0.0,0.0,0.0,0.0,0.0,0.6411858139983989,0.19925920923285112,0.6411858141462631,0.0025776538331910535,0.769937594749003,0.19920659481052727,0.0037914811889020383,-1.3498062922469503,5.486871338287958
8,0.6959327954275216,0.0,0.0,0.0,0.0,0.0,0.0,0.0,0.0,0.0,0.0,0.0,0.0,0.0,0.0,0.0,0.0,0.0,0.0,0.0,0.0,0.0,0.0,0.0,0.0,0.0,0.0,0.0,0.0,0.0,0.6959327954275216,0.16577413404550823,0.6959327960698849,0.002506504336176161,0.95788368997747,0.16578277713627054,0.0007376882395699738,-1.3688108408735262,5.486871338287958
8,0.27192892820675196,0.0,0.0,0.0,0.0,0.0,0.0,0.0,0.0,0.0,0.0,0.0,0.0,0.0,0.0,0.0,0.0,0.0,0.0,0.0,0.0,0.0,0.0,0.0,0.0,0.0,0.0,0.0,0.0,0.0,0.27192892820675196,0.47853194900669904,0.27192892818942255,0.002603882601400264,-0.49771931369268474,0.4785320402535467,0.0022778872593392516,-1.1909838003850926,5.486871338287958
8,0.024736805917180242,0.0,0.0,0.0,0.0,0.0,0.0,0.0,0.0,0.0,0.0,0.0,0.0,0.0,0.0,0.0,0.0,0.0,0.0,0.0,0.0,0.0,0.0,0.0,0.0,0.0,0.0,0.0,0.0,0.0,0.024736805917180242,0.8427206119124943,0.024736693572758095,0.002580220723287244,-1.3463289289554283,0.8428054516550476,0.0009704346291786687,-0.9838604900613719,5.486871338287958
8,0.0592839384415208,0.0,0.0,0.0,0.0,0.0,0.0,0.0,0.0,0.0,0.0,0.0,0.0,0.0,0.0,0.0,0.0,0.0,0.0,0.0,0.0,0.0,0.0,0.0,0.0,0.0,0.0,0.0,0.0,0.0,0.0592839384415208,0.7565170674533412,0.05928396116566037,0.0030879765147712544,-1.2277283446536775,0.7565153947123795,0.0,-1.0329244120567342,5.486871338287958
8,0.01738778573936431,0.0,0.0,0.0,0.0,0.0,0.0,0.0,0.0,0.0,0.0,0.0,0.0,0.0,0.0,0.0,0.0,0.0,0.0,0.0,0.0,0.0,0.0,0.0,0.0,0.0,0.0,0.0,0.0,0.0,0.01738778573936431,0.8681372465805286,0.01738741621167078,0.003327765764312038,-1.3715589587074675,0.8680105223680008,0.0,-0.9695290633922532,5.486871338287958
8,0.11423369946219286,0.0,0.0,0.0,0.0,0.0,0.0,0.0,0.0,0.0,0.0,0.0,0.0,0.0,0.0,0.0,0.0,0.0,0.0,0.0,0.0,0.0,0.0,0.0,0.0,0.0,0.0,0.0,0.0,0.0,0.11423369946219286,0.6620152378254416,0.11423370272828032,0.0028990828417533162,-1.0390861766723276,0.6620152564130843,0.0,-1.0866565288074292,5.486871338287958
8,0.005162806163168415,0.0,0.0,0.0,0.0,0.0,0.0,0.0,0.0,0.0,0.0,0.0,0.0,0.0,0.0,0.0,0.0,0.0,0.0,0.0,0.0,0.0,0.0,0.0,0.0,0.0,0.0,0.0,0.0,0.0,0.005162806163168415,0.9281473301597748,0.0051627954205823445,0.0030953359509811713,-1.4135260162986816,0.9286829010967377,0.0019670388603195673,-0.9350311738011308,5.486871338287958
8,0.0815939716863483,0.0,0.0,0.0,0.0,0.0,0.0,0.0,0.0,0.0,0.0,0.0,0.0,0.0,0.0,0.0,0.0,0.0,0.0,0.0,0.0,0.0,0.0,0.0,0.0,0.0,0.0,0.0,0.0,0.0,0.0815939716863483,0.7143534147126063,0.08159395370315958,0.0029079320479534695,-1.1511382599646436,0.7143535593368373,0.0024713251386981805,-1.0568973363465086,5.486871338287958
9,0.0,0.4409793737636841,0.3483717808756872,0.40186321434511013,0.4750994736085685,0.3108963110417252,0.4869978027835074,0.44594809595250606,0.10297645675801495,0.24357054392695687,0.3636588168507495,0.23022571460983152,0.21008493772065162,0.5680462732942666,0.12549371839383344,0.39455429098037886,0.36442530122244393,0.38704540809796034,0.4576510575760294,0.3528350540221274,0.2584962455609813,0.3944364907553376,0.5951808456807954,0.25022500106486767,0.40181752768413914,0.10010552618142889,0.18918476069800647,0.4488666838791235,0.001352433052868196,0.47573257461118695,0.0,4.049486049480515,-0.0003452116253374604,0.004242954795877901,-1.3776521863082962,3.971852464703873,0.06507151469268599,0.8496672650799155,5.487267640058235
9,0.25433988198500884,0.0,0.0,0.0,0.0,0.0,0.0,0.0,0.0,0.0,0.0,0.0,0.0,0.0,0.0,0.0,0.0,0.0,0.0,0.0,0.0,0.0,0.0,0.0,0.0,0.0,0.0,0.0,0.0,0.0,0.25433988198500884,0.4956787908633935,0.254339881984149,0.0015348328505116202,-0.5106977630239271,0.49567875745588497,0.003061922207378309,-1.1229794307146221,5.487267640058235
9,0.6381507373122789,0.0,0.0,0.0,0.0,0.0,0.0,0.0,0.0,0.0,0.0,0.0,0.0,0.0,0.0,0.0,0.0,0.0,0.0,0.0,0.0,0.0,0.0,0.0,0.0,0.0,0.0,0.0,0.0,0.0,0.6381507373122789,0.20115662529361933,0.6381507374762923,0.0007647989766451588,0.7958039805907902,0.2011567684499611,0.0,-1.2901137218577787,5.487267640058235
9,0.4304992749490198,0.0,0.0,0.0,0.0,0.0,0.0,0.0,0.0,0.0,0.0,0.0,0.0,0.0,0.0,0.0,0.0,0.0,0.0,0.0,0.0,0.0,0.0,0.0,0.0,0.0,0.0,0.0,0.0,0.0,0.4304992749490198,0.34387556443231004,0.43049927497493773,0.0,0.08895321297950431,0.3438763697789651,0.0,-1.2091237099375576,5.487267640058235
9,0.2845297800628859,0.0,0.0,0.0,0.0,0.0,0.0,0.0,0.0,0.0,0.0,0.0,0.0,0.0,0.0,0.0,0.0,0.0,0.0,0.0,0.0,0.0,0.0,0.0,0.0,0.0,0.0,0.0,0.0,0.0,0.2845297800628859,0.4665866705237993,0.2845297800587618,0.0,-0.40793059552561317,0.466587083749765,0.0,-1.1394882702734321,5.487267640058235
9,0.032338829349559506,0.0,0.0,0.0,0.0,0.0,0.0,0.0,0.0,0.0,0.0,0.0,0.0,0.0,0.0,0.0,0.0,0.0,0.0,0.0,0.0,0.0,0.0,0.0,0.0,0.0,0.0,0.0,0.0,0.0,0.032338829349559506,0.820169998750043,0.032338964218345034,0.0,-1.2663944349515077,0.8201718018023858,0.0,-0.9388372716493905,5.487267640058235
9,0.1341670035013813,0.0,0.0,0.0,0.0,0.0,0.0,0.0,0.0,0.0,0.0,0.0,0.0,0.0,0.0,0.0,0.0,0.0,0.0,0.0,0.0,0.0,0.0,0.0,0.0,0.0,0.0,0.0,0.0,0.0,0.1341670035013813,0.6337118572743838,0.1341670025442328,0.002229232861164829,-0.9197692477846431,0.6337118690700856,0.0,-1.0446488913148642,5.487267640058235
9,0.007706063429280319,0.0,0.0,0.0,0.0,0.0,0.0,0.0,0.0,0.0,0.0,0.0,0.0,0.0,0.0,0.0,0.0,0.0,0.0,0.0,0.0,0.0,0.0,0.0,0.0,0.0,0.0,0.0,0.0,0.0,0.007706063429280319,0.9122158133301884,0.007705842151243092,0.0021724363979931985,-1.3502461980551743,0.9122815962165802,0.0,-0.886567133013159,5.487267640058235
9,0.09172606768781111,0.0,0.0,0.0,0.0,0.0,0.0,0.0,0.0,0.0,0.0,0.0,0.0,0.0,0.0,0.0,0.0,0.0,0.0,0.0,0.0,0.0,0.0,0.0,0.0,0.0,0.0,0.0,0.0,0.0,0.09172606768781111,0.6971368829193441,0.09172606677809025,0.0,-1.064239253741107,0.697136865805563,0.01158534586061264,-1.0086566996760666,5.487267640058235
9,0.7673894052606183,0.0,0.0,0.0,0.0,0.0,0.0,0.0,0.0,0.0,0.0,0.0,0.0,0.0,0.0,0.0,0.0,0.0,0.0,0.0,0.0,0.0,0.0,0.0,0.0,0.0,0.0,0.0,0.0,0.0,0.7673894052606183,0.1239923486289527,0.7673894259750876,0.0013634621838762284,1.2357357059445349,0.12397303331687892,0.00038738652129913383,-1.3339136734430213,5.487267640058235
10,0.0,0.2836288778908733,0.0,0.032141354629826854,0.0,0.25717075074365364,0.007968448742736138,0.38036077143567454,0.1121344136150035,0.0008930040384397569,0.2555424134593322,3.5858767073815106e-05,0.0,0.0,0.35600362986666156,0.0,0.07243752088279522,0.20991105588677791,0.0014407149657037059,0.03744053407076323,0.12454025914516856,0.014512410331091645,0.0,0.0998200008077453,0.0008638069481809955,0.14496896811700447,0.2324226900919562,0.0,0.3806801320339305,0.0,0.0,1.9325606395942598,-0.00026652455163250766,0.003949763308128454,-1.3530504450756098,1.8372271738562254,0.06681976033799233,-0.31257116302127486,5.487532943880014
10,0.5465420303454089,0.0,0.0,0.0,0.0,0.0,0.0,0.0,0.0,0.0,0.0,0.0,0.0,0.0,0.0,0.0,0.0,0.0,0.0,0.0,0.0,0.0,0.0,0.0,0.0,0.0,0.0,0.0,0.0,0.0,0.5465420303454089,0.2607151899670811,0.5465420303889489,0.0,0.5093994416277496,0.26071278269343834,0.004084371688731723,-1.2034484968581296,5.487532943880014
10,0.40521112005607596,0.0,0.0,0.0,0.0,0.0,0.0,0.0,0.0,0.0,0.0,0.0,0.0,0.0,0.0,0.0,0.0,0.0,0.0,0.0,0.0,0.0,0.0,0.0,0.0,0.0,0.0,0.0,0.0,0.0,0.40521112005607596,0.3634380469615892,0.4052111200902062,0.001955536449382367,0.02802120514024864,0.3634375263736058,0.00406941988421807,-1.1453994576093578,5.487532943880014
10,0.18782392128172348,0.0,0.0,0.0,0.0,0.0,0.0,0.0,0.0,0.0,0.0,0.0,0.0,0.0,0.0,0.0,0.0,0.0,0.0,0.0,0.0,0.0,0.0,0.0,0.0,0.0,0.0,0.0,0.0,0.0,0.18782392128172348,0.566613427432594,0.18782392129285702,0.0,-0.712407524645954,0.5666134657165838,0.005991328346880791,-1.0305861453070406,5.487532943880014
10,0.21317410363262249,0.0,0.0,0.0,0.0,0.0,0.0,0.0,0.0,0.0,0.0,0.0,0.0,0.0,0.0,0.0,0.0,0.0,0.0,0.0,0.0,0.0,0.0,0.0,0.0,0.0,0.0,0.0,0.0,0.0,0.21317410363262249,0.5382921880316269,0.21317410360507086,0.0,-0.6260638788695587,0.5382922431545276,0.006920762749268888,-1.0465902714910555,5.487532943880014
10,0.0729466245331609,0.0,0.0,0.0,0.0,0.0,0.0,0.0,0.0,0.0,0.0,0.0,0.0,0.0,0.0,0.0,0.0,0.0,0.0,0.0,0.0,0.0,0.0,0.0,0.0,0.0,0.0,0.0,0.0,0.0,0.0729466245331609,0.7299136720728705,0.0729466037645875,0.0,-1.103683859081798,0.7299136668091315,0.0,-0.9383063357602026,5.487532943880014
10,0.15076643487609412,0.0,0.0,0.0,0.0,0.0,0.0,0.0,0.0,0.0,0.0,0.0,0.0,0.0,0.0,0.0,0.0,0.0,0.0,0.0,0.0,0.0,0.0,0.0,0.0,0.0,0.0,0.0,0.0,0.0,0.15076643487609412,0.6117134629219111,0.1507664345606045,0.0017253236771544828,-0.8386266763808692,0.611713480752571,0.00985440437252806,-1.0051004400217067,5.487532943880014
10,0.10747527334562113,0.0,0.0,0.0,0.0,0.0,0.0,0.0,0.0,0.0,0.0,0.0,0.0,0.0,0.0,0.0,0.0,0.0,0.0,0.0,0.0,0.0,0.0,0.0,0.0,0.0,0.0,0.0,0.0,0.0,0.10747527334562113,0.6721657837479116,0.10747527708772608,0.002212088064573125,-0.986077938074061,0.672165791432924,0.013336211555399808,-0.970939259086677,5.487532943880014
10,0.6950870882387505,0.0,0.0,0.0,0.0,0.0,0.0,0.0,0.0,0.0,0.0,0.0,0.0,0.0,0.0,0.0,0.0,0.0,0.0,0.0,0.0,0.0,0.0,0.0,0.0,0.0,0.0,0.0,0.0,0.0,0.6950870882387505,0.1662811695548969,0.6950870885287863,0.0017270238164968507,1.0153493288473214,0.16628137525958886,0.0008144879903252049,-1.2568110293898371,5.487532943880014
10,0.10048713370057241,0.0,0.0,0.0,0.0,0.0,0.0,0.0,0.0,0.0,0.0,0.0,0.0,0.0,0.0,0.0,0.0,0.0,0.0,0.0,0.0,0.0,0.0,0.0,0.0,0.0,0.0,0.0,0.0,0.0,0.10048713370057241,0.6830029437036167,0.10048713733434012,0.0,-1.0098797970142073,0.6830029405581532,0.010733490939277232,-0.9648152613780638,5.487532943880014
