iterID,x1,x2,x3,x4,x5,x6,x7,x8,x9,x10,x11,x12,x13,ParetoFamily,Pareto_f1,Pareto_f2
1,766.6098183163346,626.1166688848996,706.3663478112929,507.61730003310197,530.4963586395181,585.7783591366533,709.5132553361791,537.6888517425857,432.7547720438502,797.34289508497,620.4691340256998,562.5565992840806,494.7204303738953,0.0,918.089266405457,7836.603215643605
1,767.4680811634905,784.4582804430343,130.91425854643495,506.16110508404836,560.2919621290455,602.6900175491219,695.5707723007087,573.0664390297197,449.3099763323866,799.2129429981251,707.571857716038,705.2021605348149,101.13714826262112,0.0,1051.3799067855791,7249.289705851683
1,758.988976773341,788.4066119114498,108.47550367773158,485.3606970323706,560.2919621290455,602.6900175491219,695.5707723007087,573.0664390297197,449.3099763323866,799.2129429981251,707.571857716038,705.2021605348149,101.31065263537486,0.0,1067.2953318413288,7202.277035599252
1,766.1615885769507,777.8453051424578,113.73147695910949,494.89355507590676,534.7191646185363,571.8057321194988,654.9521580576945,569.4252358225212,437.2925379285156,799.4104398726926,721.0454931088935,791.805641705368,106.51264569993293,0.0,1109.3038641007647,7200.888019002628
1,770.1070771905682,769.6860031967836,102.58615079165187,505.76573523633937,560.2919621290455,603.4727921274016,654.587795232463,538.2801030304798,116.59711415246306,799.2071071347299,719.5547964476215,704.7937971793178,101.2853762130524,0.0,1148.5911912669758,6824.179859524913
1,697.4220804277243,784.4582804430343,100.40111112399089,505.76573523633937,560.2919621290455,602.6900175491219,695.5707723007087,576.2325748356527,104.39110769864328,799.2129429981251,707.571857716038,705.2021605348149,101.28318793325163,0.0,1163.9186727461977,6817.593809879108
1,770.1070771905682,769.6860031967836,102.58615079165187,505.76573523633937,560.2919621290455,603.4727921274016,654.587795232463,396.5694464971113,116.59711415246306,799.2071071347299,719.5547964476215,704.7937971793178,101.2853762130524,0.0,1185.9791968259397,6694.520446028785
1,703.2251334420566,743.7598409526306,100.77113394177145,515.1231384802679,696.9704907106221,588.7904925920394,695.4846553392173,180.955162434753,142.52165118249658,799.26665291796,707.8788651335309,779.5610788111312,100.52668544730368,0.0,1370.9204449289164,6622.313640834155
1,703.2251334420566,741.4903048343059,100.73259105121697,515.1231384802679,703.6845483193448,603.090744856853,695.4846553392173,180.955162434753,103.87203046141704,799.3695227569387,707.5687525052678,779.5610788111312,100.52668544730368,0.0,1388.6335459414493,6600.16999753768
1,765.9769680729945,779.9729230700553,113.87780149339507,499.1913204151676,672.4174507564168,572.9758970966809,656.6858995856153,129.61328502685146,103.94532152583132,799.8232736104499,722.8309405447684,792.9802533193383,118.01116609371482,0.0,1409.0238892845578,6590.226403464251
1,696.5203053928268,777.2113013874821,113.73072652611063,499.55515092523854,672.4174507564168,377.3479520488382,797.3358643462448,148.76427943888064,100.48941866457118,799.7208459615855,798.1156895656785,795.1747630748624,100.48713456996174,0.0,1497.2107315304083,6529.515953166502
1,723.5846158510823,777.2113013874821,101.0917710051044,499.52441358294084,672.8729021516177,380.9078592194804,708.2359683389312,130.27137737577095,100.50201842688965,799.3851453634427,794.9016976047409,798.3807490067626,101.34190148572853,0.0,1508.813257263073,6457.115314387971
1,664.3068832498907,759.809181195012,102.52549371381762,498.4411715729859,673.1647682770594,396.3408987508673,718.3977138166032,103.19272342412492,100.82773763505935,758.5731364833917,794.9016976047409,798.3636561475524,101.17667195152893,0.0,1528.5774241516508,6360.1474257072305
1,241.852605359899,152.35895705521727,135.22261606874883,576.9767623993679,706.8613362988197,434.8866069937683,708.1131450008259,541.8393030995563,116.97346298103389,799.4652598881265,799.5303592498994,777.5080560217415,101.04197935886043,0.0,1540.8333991981103,6025.308390188693
1,716.1268410307734,777.4588808322632,113.4842394674013,499.6639066028357,393.1192835172604,796.2366579660378,162.5742150427937,521.5143346860615,217.51008732026517,116.48922925695481,263.84383256532067,780.6531276430879,126.28517109894949,0.0,1613.596503253474,5549.3739135446685
1,792.9018121562706,767.0642344697831,139.0315296739795,591.8810530825049,384.5955361474507,793.8895144002305,166.55701307239121,523.3543314842165,146.95359546397097,192.23330728009822,260.6712249285215,525.5267429636017,106.39856473120537,0.0,1640.0080432018553,5451.836217671787
1,111.08182279058377,799.3029200947923,104.57897126496226,798.5345658408976,127.23916482317603,795.8541818763798,120.76469955426886,127.49293330843088,184.6763361166914,208.45206796703633,150.16866124187527,799.7910471892455,108.3469800071778,0.0,2007.497550209403,4686.2285006367765
1,100.77154693130554,760.9265186200754,168.55200258930836,612.4246074258937,155.02500295088063,752.4745513359733,109.6455487603154,100.4484889990671,108.12508320503827,125.77046638981962,132.44032174215323,723.0599734280623,119.19111911598718,0.0,2140.230646056559,4258.252997498412
1,100.94285066130679,124.81606215404574,107.39864574625733,793.8766028882487,127.2912867129081,791.6480492912451,161.87155553114172,121.24332040725122,187.63143928055456,129.14422478434815,108.73690367315355,792.55742433279,108.59209509360254,0.0,2370.6628555922516,4017.4267865467464
1,100.25675733368946,164.5651945443405,107.07363575845713,790.1658249114893,102.46909695187556,793.0639588594645,101.43923590803595,112.71000627624532,176.11601878282278,130.54057227872804,130.28136133917963,758.2758472233268,100.97437407172117,0.0,2375.522877443449,3945.9522576568343
1,100.21894913810833,120.70030408730382,107.07363575845713,790.1658249114893,126.53131056655398,793.0639588594645,101.44072068777257,112.71000627624532,176.47552970776945,130.613751518793,129.85525086701352,758.2758472233268,100.97437407172117,0.0,2392.38535031894,3931.7122058940017
1,104.11926257765435,164.71106136615555,101.08460706081752,783.2569062632889,131.48146486122496,734.7562658464623,100.83689537814914,100.45424401456798,101.94958416941287,129.7123130743826,128.27706761045806,773.6615334320768,109.11788521143875,0.0,2424.446119983832,3859.692390725141
1,100.06145806145106,126.91053243561402,104.68682550820202,798.5170939202332,117.0754560475367,795.5518122714002,100.34410601101933,100.58727387149571,123.72598637110734,127.6488887251633,106.24836963125554,577.6998027498755,122.37238555109136,0.0,2452.090021130434,3715.1700224699516
1,104.11926257765435,164.71106136615555,107.07363575845713,793.9035396951546,131.48146486122496,794.5424096901814,100.83689537814914,100.45424401456798,101.94958416941287,129.75049624963202,108.77829752145486,475.05317572633595,108.6613467562516,0.0,2462.500327677739,3632.712678834449
1,100.44702224400265,108.38607358418064,107.18054805085951,790.6642005611827,101.87374501768272,794.5732528218747,107.22743057519011,100.02828833027098,166.77166241390742,104.59048545809196,115.61023822855924,451.9546079440404,104.38445871591092,0.0,2511.254563583015,3582.3940917861087
1,100.50689224072235,156.67806686655405,107.07363575845713,790.5984020070988,100.75848809653132,794.5758499496853,101.24816306843624,100.49040081516907,104.4119216591545,104.31992535404997,115.61023822855924,395.90448317749133,107.96981221126465,0.0,2513.8146143663894,3528.1760083467784
1,100.44702224400265,108.38607358418064,107.07363575845713,790.5984020070988,103.7920709392533,794.5050403720655,100.16986890968649,107.53628235942452,104.70054598838526,104.59048545809196,102.8726999354028,411.7964462891242,107.96981221126465,0.0,2538.2599962617114,3510.6107653437143
1,100.44702224400265,108.38607358418064,107.07363575845713,790.5984020070988,101.87374501768272,794.5758499496853,101.22808175629969,100.00558510083206,104.70054598838526,104.59048545809196,115.61023822855924,395.90448317749133,107.96981221126465,0.0,2541.830471471871,3500.512662083874
1,104.35772807567946,163.45151129707938,107.07363575845713,799.206275694108,126.14715316235988,793.0639588594645,101.22808175629969,100.32620482140238,105.06967053487368,130.54057227872804,129.56076865275475,112.12425380201802,119.87311505243757,0.0,2612.410974616119,3392.2265267840826
1,100.25675733368946,164.5651945443405,107.07363575845713,790.1658249114893,100.63953921599322,793.0639588594645,101.05204543501839,100.35830545686656,123.25314110690826,130.54057227872804,130.28136133917963,105.61551246343313,107.94978206677172,0.0,2633.3428710041117,3365.9889717676388
1,104.35772807567946,115.39698138897614,117.00539286414646,769.9755683800385,126.26448882128342,793.0639588594645,101.22808175629969,111.8210857618273,105.06967053487368,130.54057227872804,129.56076865275475,112.12425380201802,119.68191970643615,0.0,2666.4222116047304,3344.8733489484307
1,100.43670901188378,106.29338377996814,117.3896241809665,799.2058647711129,101.1593911731508,752.0853546030737,100.17347624506684,100.6823258637475,132.25772823953923,128.3582227186159,116.22926959554007,101.70621464233258,120.82796280705716,0.0,2703.2953973393596,3301.6778118700627
1,104.52733181597424,106.29338377996814,165.51575248721926,782.7286985412001,100.74371098159075,752.0853546030737,103.81083751671848,100.00417745303348,103.09864191317926,125.77046638981962,117.29964745569079,101.70621464233258,120.09653719570464,0.0,2719.116526074714,3299.348875502263
1,100.43627704801602,103.65461860041479,107.72857032988121,781.6823311421414,102.55367852725882,752.6666819437901,100.17291289889823,100.04626252237709,131.76968562110937,128.54060356308258,115.20249757488088,100.71587749991724,121.13328912012182,0.0,2729.7193938699857,3275.483604901929
1,104.37385769152728,162.45756094982394,100.13734183809325,741.0129321661647,100.48310647345716,760.8898796516598,100.36693767143757,100.83624138411572,136.22939271989785,134.7489479375653,101.10293234663968,105.8762562140352,107.16297022736916,0.0,2751.6300169617894,3263.1438219880624
1,104.55640555896568,101.27454153311298,108.8160770387801,764.545697637505,126.15576398029506,739.0270700264177,100.34956681186024,100.42186547986886,103.62338516970986,130.54057227872804,130.28136133917963,105.61551246343313,107.90789890035357,0.0,2753.203363743951,3246.3298438738307
1,104.55640555896568,113.31050858206416,108.8160770387801,764.545697637505,126.15576398029506,717.8029625503239,100.34956681186024,100.42186547986886,103.62338516970986,130.54057227872804,130.28136133917963,105.61551246343313,107.90789890035357,0.0,2773.142122967342,3228.2410305882936
1,104.55640555896568,112.37045097114826,108.83642029901746,763.1908766172961,126.73868154440078,717.8029625503239,100.34956681186024,100.42186547986886,103.76510570008787,130.50127908783205,130.3175681696244,105.61551246343313,106.60646328866373,0.0,2775.4230865593736,3225.9134297494734
1,101.11147019423474,118.18086773816036,106.68561649416961,797.696416355106,128.22270836299518,648.188515220385,139.13376460106377,100.8452890770673,102.77541674570467,124.40294777208194,106.12317937119482,105.90065455228864,107.08761978376411,0.0,2821.8697476490906,3193.7320003354075
1,101.11147019423474,116.54315437541044,109.04105535680917,797.6166926085157,100.73247510812254,632.2910383325438,103.77199747875943,100.37428046338704,102.77541674570467,165.3212434905522,106.12317937119482,109.81133230906303,105.60558001943271,0.0,2849.9899898299855,3167.038162610175
1,101.11147019423474,108.08683366130232,106.68561649416961,775.8695233804973,128.22270836299518,648.188515220385,139.13376460106377,100.8452890770673,102.77541674570467,124.40294777208194,106.12317937119482,103.04295961830809,100.67418746172319,0.0,2862.893940737627,3158.7286825910337
1,100.37672256084217,115.5680947401808,168.55200258930836,612.4246074258937,127.94814474934779,752.4745513359733,109.6455487603154,100.4484889990671,122.46099989537863,104.51752562225663,132.44032174215323,100.23649615388167,120.11358233764072,0.0,2960.1351674739294,3149.1824287346903
1,100.43627704801602,106.29338377996814,108.84269710642965,594.6704237100512,100.74371098159075,752.0853546030737,100.35310994315448,100.17997821286012,104.37834140393056,128.54060356308258,116.22926959554007,105.60114028472172,120.72746872316942,0.0,3023.5163055176163,3071.6052171094184
1,100.43627704801602,109.22443288454329,107.72857032988121,570.289551429872,100.72272736564098,752.0853546030737,100.17347624506684,100.18425336306238,132.25772823953923,128.58808657078697,114.71711957859739,101.70621464233258,120.73036202632619,0.0,3064.5825430280684,3059.098111805486
1,100.05209972487256,129.4040456923292,119.51697137856848,498.4456113233807,137.08254074637975,790.8706942839626,103.44971839962324,107.53649277473377,102.92158002737477,134.63510159764863,102.45282539209276,100.59298973177258,108.78575385918917,0.0,3097.7176493655124,3058.224214510868
1,100.43627704801602,106.29338377996814,107.72857032988121,531.1236475634267,100.74371098159075,752.0853546030737,100.17347624506684,100.18425336306238,132.25772823953923,128.54060356308258,116.22926959554007,101.70621464233258,120.72746872316942,0.0,3132.764176443233,3022.014372804664
1,100.43627704801602,140.1105844255739,107.72857032988121,369.3484801942167,100.63145173781857,793.114707683076,100.35528238347494,100.18425336306238,132.0087895956604,128.54060356308258,103.68175431032779,107.57807820854268,120.66894671977784,0.0,3276.1661970147074,2952.5532480270276
1,101.46343358277403,113.85327820262751,100.50605765799965,333.003850336966,101.87616673772692,794.2503480397743,102.77049735208855,100.07605332379953,123.86819822172639,125.77046638981962,124.99808769393798,106.27372285883064,119.76571070052513,0.0,3322.8404776026396,2917.836984772504
1,101.45021284785531,113.8180062959617,100.50605765799965,314.2381661330747,100.8892253959222,794.2533477005129,102.77049735208855,100.07179524866477,123.86819822172639,125.77046638981962,132.7878334090953,106.27372285883064,119.76571070052513,0.0,3340.4117825105122,2908.6699602966805
1,101.45021284785531,113.8180062959617,100.50605765799965,292.38920191287355,100.44071745010369,794.2533477005129,102.7660997143007,100.40045960835296,124.05147783683557,134.41069951944309,102.00647244063477,106.27372285883064,107.58025250575169,0.0,3382.6919671064766,2875.236809436707
1,101.3554128739457,113.8180062959617,100.39715369379167,279.0248481787995,100.43769188770843,794.2533477005129,103.11442849048197,100.40045960835296,124.05147783683557,134.41069951944309,102.78226557171644,106.27372285883064,106.93777322782753,0.0,3396.35614468886,2866.672718488948
1,102.017081456756,117.99209883349998,107.16792877477438,797.1540610368,102.11326533702751,111.2745318332806,102.29216716935292,100.36358892757475,103.90168916769666,103.23575156144007,103.75235180796652,104.7824477804448,136.47828346435966,0.0,3535.270374076059,2744.152971727793
1,100.43627704801602,103.65461860041479,107.66423060519729,781.6823311421414,102.62484635832166,112.79485392967354,100.17291289889823,100.02640099713939,131.76968562110937,135.275030954514,101.19613536192603,105.70245959941441,121.000475848572,0.0,3559.0377349739115,2738.348883925067
1,104.76410093416226,114.92613251403313,105.32574399639304,748.1225583870911,127.96958582420707,100.63351000704903,100.00017803158687,100.73933721792751,136.22939271989785,134.6449107235651,101.54388937050778,105.8762562140352,107.05922882144928,0.0,3627.009934050043,2706.013927884302
1,100.4312733996609,110.10285649652093,107.8067442841082,646.3748707592923,113.82121228425976,105.42657356597915,103.73736086238992,100.68138880334942,104.41338075977087,128.3681013852262,103.75235180796652,102.21931694761761,120.82329917566864,0.0,3860.3786619120865,2577.849737639593
1,100.384153253125,106.42024508662499,107.09658403688107,583.4519640322756,100.74371098159075,107.18254830130559,100.17347624506684,100.18425336306238,132.25772823953923,125.68359964415673,116.22878628246673,100.71587749991724,106.92627535074621,0.0,4010.5147952898697,2513.6384689886354
1,101.98108299818931,116.82721888555636,107.73278799582506,531.1236475634267,100.63145173781857,109.90116848591884,100.43101557800907,100.18389983090593,126.62908661883382,128.54060356308258,116.55398532371171,107.57807820854268,120.05370952799774,0.0,4137.462471566016,2478.724748916017
1,112.31158945768556,112.88948112438938,119.51697137856848,498.4456113233807,136.9975956984697,120.91629928201547,103.44971839962324,107.66821726813349,102.92339365146807,134.63510159764863,102.45282539209276,105.8762562140352,108.78575385918917,0.0,4221.495126962319,2462.708045846887
1,112.31158945768556,112.88948112438938,119.51697137856848,473.5792762891746,136.9975956984697,105.408864001512,103.44971839962324,107.66821726813349,102.92339365146807,134.63510159764863,101.54771724433178,105.8762562140352,108.78575385918917,0.0,4290.895712583924,2433.4715519189117
1,102.00725562657706,116.84161320652055,109.1215333322638,366.0213571783221,131.33565849999832,131.07244593875413,116.90450496505524,100.11656934473952,104.48799561722211,134.48223029132524,103.75235180796652,110.39810181599785,136.8442990690325,0.0,4552.9731179030005,2367.620209660476
1,102.43229061056536,116.79138615711491,117.37836021052749,304.83070994903085,101.23955536135784,100.10563238541395,117.67626916118532,113.12500981354589,124.33304114831765,125.73956600360378,101.98007061808607,100.3179137848424,107.53277241520576,0.0,4689.528305587564,2293.1784130636497
1,102.43229061056536,116.79138615711491,117.03994146390166,280.28364490325305,101.23652969499054,100.10563238541395,118.02298397167247,113.12500981354589,124.33304114831765,125.73956600360378,102.75586374916773,100.3179137848424,106.89029313728162,0.0,4736.221357683285,2277.393445069643
2,766.1197444443438,798.1680885141672,294.816657044826,517.4839848067784,454.92784997969676,632.4610251095528,566.031843072504,641.8852690185075,795.6837821623978,752.2509318691531,520.1694310219527,540.5368994070461,703.5989193257597,0.0,974.8541109332973,6830.532984524305
2,766.1197444443438,798.1680885141672,297.5776860730416,517.4839848067784,454.92784997969676,632.4610251095528,566.031843072504,685.4278711262713,774.5221745827961,752.2509318691531,520.1694310219527,540.5368994070461,717.6403569772218,0.0,979.5180829838953,6823.198560836939
2,750.5923600994971,798.7959740897601,295.02271209954813,531.3548389317813,454.92784997969676,609.6060374813655,576.9531676057898,716.6590946294381,795.7436593437574,771.8129419417289,535.5596162734603,553.9704689394896,719.0184145287584,0.0,983.668608988572,6766.537442840603
2,789.9994580588339,798.2454951976811,295.06316009771217,531.3548389317813,454.9551535090853,609.0817118070872,577.3408675458375,742.680945366802,795.6840037437075,774.3789179278286,535.5596162734603,540.3277468126007,729.6454723908756,0.0,989.6622221939458,6716.473612999092
2,755.1537175166303,798.1680885141672,216.0874434470648,517.896060875999,454.92784997969676,649.1034115358799,566.4415886645455,641.8852690185075,796.9568077683334,752.2509318691531,520.1694310219527,611.756072288038,120.73271688650249,0.0,1009.53012944896,6706.300943019534
2,755.1536734464216,798.1680885141672,167.05039421688315,517.9006819744952,454.92784997969676,649.4678113787551,566.4415886645455,641.8852690185075,797.5392267136519,747.9327621210664,517.1563661908192,548.4142938490602,101.96249362585417,0.0,1013.5405317319414,6664.07959642675
2,755.1536734464216,798.1680885141672,118.57543396835706,517.9006819744952,454.92784997969676,649.4678113787551,566.4415886645455,641.8852690185075,797.5392267136519,752.2326916338287,520.0650699026903,548.4142938490602,120.73271688650249,0.0,1020.0128157530344,6635.027373257928
2,796.9365876028088,798.1680885141672,102.06234578014774,517.896060875999,458.41905452430046,648.0703654354652,574.3124527444455,641.8852690185075,792.59312902246,749.8794781801747,520.1694310219527,611.803577445788,102.69350100079909,0.0,1025.7241359132402,6588.796448555162
2,777.5588364017395,786.904411347404,101.51372538006399,523.7832904196738,360.12279661399606,648.8841057182628,615.7044344400763,719.223301433356,793.166643589288,781.2816721423484,540.3620550949756,616.822627603007,101.02106206409192,0.0,1056.8551265500932,6566.683380731274
2,790.9808316786032,798.4469740697025,100.40092573133123,665.0845277647139,348.10005135256364,671.4662225342618,579.6508397618519,644.0507520221493,798.3099283665824,771.5529172511659,552.649523296479,616.7897357056324,102.76532939839736,0.0,1079.8364397090595,6543.44639332764
2,790.9808316786032,798.4469740697025,100.40092573133123,665.0845277647139,348.10005135256364,671.4662225342618,570.6492423722009,644.0507520221493,798.3099283665824,771.5529172511659,552.649523296479,624.6541876260092,102.76532939839736,0.0,1081.321546598855,6541.982602862545
2,795.3456218155898,797.710351579241,101.58175120103719,685.580424905013,302.5119241233172,671.0689455820202,579.6508397618519,682.5440343643409,789.701175135562,771.9105835818026,552.649523296479,614.7916207791426,103.03642667331292,0.0,1119.107902615805,6531.539433588037
2,790.9808316786032,798.4469740697025,100.40092573133123,663.7879953391844,302.72691987982734,793.8919217176846,570.6492423722009,634.8977530085689,795.6865580307963,771.4901529476713,523.3823807391432,624.6541876260092,101.77754621298008,0.0,1128.3918662788044,6514.0388279115805
2,112.23574021361773,797.7872126802532,102.76591187940858,684.1763601360758,300.4435757255256,716.121038072011,579.6508397618519,673.1719853832973,792.9477058890102,771.5529172511659,552.649523296479,614.2547708694742,102.76532939839736,0.0,1155.5247282433356,6318.832412821073
2,104.72287830437487,798.4469740697025,100.40277952412237,757.7151082823104,306.110671966376,700.5399350982395,579.6508397618519,716.5555495799695,798.3099283665824,772.0047898724353,552.649523296479,492.3645815753377,102.76532939839736,0.0,1210.5769860554924,6302.6027046623
2,104.72287830437487,798.4469740697025,100.40277952412237,774.2510877945972,306.110671966376,700.5399350982395,579.6508397618519,716.5555495799695,798.3099283665824,772.0047898724353,552.649523296479,492.3645815753377,102.76532939839736,0.0,1224.3039967772195,6300.37857162183
2,101.64124525613342,797.7898483203347,102.6259445817177,745.7516729968875,298.37676519119566,714.1754523707364,609.5382504915292,130.90118891310905,794.1227713072884,779.5984147946124,524.3784120232102,525.7917119341555,112.91730382649905,0.0,1301.31681246183,6018.420736891088
2,106.03320039485745,799.3878255005153,110.29074064664707,779.7278906342005,302.60967408669194,798.4589026553789,193.02333434365937,718.1387377503198,790.0082173926249,129.70845509697494,515.1893505239799,529.964766285038,119.15263108655927,0.0,1392.071980881492,5907.472107257776
2,101.63452788550714,786.8218705955741,110.43875768676139,747.8296773340983,104.83518426623401,790.8301551162394,629.9136162254763,157.7612506120862,792.8309180817877,110.99050794701571,521.2385689373742,774.9171124898901,128.78226720399877,0.0,1574.0139396956736,5779.125681643134
2,101.63452788550714,786.8218705955741,117.40493798757615,747.8296773340983,104.83518426623401,790.8301551162394,630.7375900516871,133.8942836757125,782.1791811042033,110.99050794701571,521.2385689373742,774.9171124898901,128.78226720399877,0.0,1581.053878209767,5767.256152617777
2,143.53615273881286,741.9891093088926,101.83745056742218,747.7174698224233,107.36982004567558,790.3960526401513,682.4223223013352,111.64769066421664,113.1839025360146,771.1196055933231,535.7127310687672,776.0542827241129,128.40627398038038,0.0,1667.2504230703246,5750.674346207001
2,106.09321115329887,786.5905107929448,100.187446278512,769.5931956020562,108.98254539738598,790.6855925712204,640.4897161757721,100.35691338411674,134.98145699977684,127.67084942175286,559.6749352364718,741.0809540245799,117.67088423456104,0.0,1695.959421203709,5465.420861855988
2,105.77852172620912,785.973160917182,110.57043167929115,747.8296773340983,113.82170834474832,790.3960526401513,537.2379911623366,114.91438767443964,114.01668133155246,124.80211449502204,486.13616487845496,768.1301770639533,128.7065098156666,0.0,1699.1689703911602,5382.549135747305
2,101.66415789052975,162.668161977103,117.41701324831682,709.2755575215878,107.28935483214545,790.8301551162394,640.7600426847802,144.9468450543427,786.2351011242267,124.03740417689451,521.2385689373742,774.9171124898901,128.78226720399877,0.0,1799.811554997912,5350.131017984477
2,105.45156487309406,757.3295002806709,110.57043167929115,747.8296773340983,107.36982004567558,790.3960526401513,117.38602318906234,102.04587689291229,113.1839025360146,128.86930009410057,535.7127310687672,766.5733030967116,128.7065098156666,0.0,1842.637762391906,5210.711464174576
2,119.29430431516298,786.5733104260041,217.50729079086844,792.0794608156451,107.61231238804338,796.7421880141233,101.00694875176646,162.88102034945572,108.07953857652794,119.32084303321706,512.9682041325207,256.37821860105885,182.0373488035609,0.0,1991.8393533715118,4995.839326126601
2,101.69767411946502,110.89292884137015,107.01157001638379,747.8296773340983,104.91641195412754,790.8301551162394,132.8693857833001,142.1496927275436,122.24615677002312,110.99050794701571,520.5707765841689,774.9171124898901,128.78226720399877,0.0,2115.5793390380504,4779.147930597246
2,196.8763551671172,119.95029698332077,213.940568442884,791.8883700188798,109.30343653515197,798.6460866442411,109.37068043389239,150.11845512959695,119.6638010720109,133.96537268485903,595.4171992837356,108.82212435953663,194.96927682158167,0.0,2335.85280674264,4567.799769526442
2,121.20213819167337,159.56752919307064,139.73282465543036,792.0794608156451,107.61231238804338,796.4646333559226,101.00694875176646,180.6996422655016,131.87047023379014,124.73921919827505,541.6705753551967,119.55214001420254,178.562093516285,0.0,2340.1393652654597,4504.569436410967
2,101.98531502957078,144.25098061232177,107.65229647957992,751.2476303051916,107.02601162605977,790.3960526401513,124.88178250625737,128.73225234530153,143.24633623961137,128.6081029324468,535.7127310687672,105.90202823090675,129.81218562944233,0.0,2423.179546584757,4437.408379223519
2,102.1101641942911,139.16170287461173,107.65595724130748,722.1153636139757,106.94114773484239,795.4863193628856,100.21919845045826,142.53634678146977,127.88646747334545,133.78148080329333,490.4898736140157,100.57845743180475,167.00146377433754,0.0,2491.8856848551286,4384.165184513992
2,112.8796825603562,110.45733014050461,108.35542182878957,798.3793808912301,101.77358915873178,798.776746236199,102.66794578740253,142.26725952121566,129.48633322743464,138.41681747392008,151.78118863990215,102.98157504590934,169.42336595440452,0.0,2684.4995481377177,4332.807562034584
2,100.88025968624778,157.75989231094297,107.71501569901125,751.2476303051916,107.05478115519442,790.3960526401513,139.29540496453853,128.73225234530153,143.39350271403026,128.6081029324468,180.18192650277484,105.90202823090675,129.81218562944233,0.0,2694.4033291390206,4267.11909153008
2,112.8796825603562,110.90588080003452,101.36846572901844,798.3793808912301,101.77358915873178,734.2211707859678,153.28674624110943,142.26725952121566,129.48633322743464,138.41681747392008,151.84359605619903,107.58915198997553,182.22913569501088,0.0,2739.7742651430776,4251.866013090497
2,104.68847859671241,142.87070949349223,100.30615288445438,774.782398710533,107.12635172545495,685.0807335126276,109.57903591926161,131.6681975706935,175.08547332415213,142.2699623921458,107.36327915506958,108.53752316882388,201.10554338352705,0.0,2872.545071252764,4158.959861106869
2,103.54484999073725,123.79823584398164,155.98047935749133,623.8776832427699,107.4091591694483,789.2332801926659,167.8040876631221,148.23005197583763,119.48226529012759,124.9711868642665,104.51504241889926,103.25963217780972,170.10399557980202,0.0,2960.0952930889725,4140.739525179994
2,102.23372077992158,141.8733212901812,155.21369819872785,578.4008064009913,107.00478481875177,798.6460866442411,101.65982510682454,148.7795528290072,119.6638010720109,133.70271990669187,151.8029540747233,103.83918739813586,102.61628725297253,0.0,2985.158517456051,4111.514621649453
2,105.54622052806495,138.98138149163674,107.65894709691672,516.7881194154288,106.99242571171409,794.6368270881562,116.67622261194157,142.40962499645718,109.1705047091706,144.70018625010985,104.55549713277854,109.33861756804683,170.11067309203497,0.0,3134.390281061861,4066.886729668776
2,105.64668674493073,165.39129884390795,107.18028079185488,490.3527279782904,106.99242571171409,794.6368270881562,116.67622261194157,142.40962499645718,109.1705047091706,144.70018625010985,104.55549713277854,109.00531971388718,170.11067309203497,0.0,3162.7975529332007,4049.1516829520942
2,105.65309678584048,136.30571341471597,101.33182185387237,436.5070813349362,107.21905210986549,795.929136472037,116.8015489150099,104.43478631197866,100.32892626120818,145.24348870852938,163.43411945325525,106.18967583721155,196.43793762853585,0.0,3213.0968550174784,4026.8532707081677
2,102.03600365704563,145.40602967942812,105.6128412388195,459.82433722252193,107.40953290642567,734.1881006852641,117.79902490070056,142.3447167275799,117.23506122197188,141.68130463988788,177.47946605111576,102.71002481697147,168.65606931240285,0.0,3261.7417766649487,3930.6709954601984
2,100.75776184722325,158.0780979357058,101.39079541006903,340.1081628113599,103.50195045599357,733.7956182966569,101.40555132999883,145.18190189943743,156.6444008805704,141.13227431484933,155.71134508655445,107.70339469630099,182.44753648957735,0.0,3448.8949060049626,3860.0162177895954
2,102.19508840645697,143.1093841023891,107.51461475746358,731.0018046938823,107.1944131802876,123.16469538242586,117.58092737525541,144.8764870899707,112.79242405889127,125.1027652734053,186.6609089793987,101.54507007259768,169.63847678236388,0.0,3867.0021013255246,3811.729473491416
2,102.19508840645697,143.1093841023891,107.51461475746358,709.4240351226593,107.1944131802876,123.16469538242586,117.58092737525541,144.8764870899707,112.79242405889127,125.1027652734053,186.6609089793987,102.62078878331529,169.63847678236388,0.0,3912.8665387581814,3784.491205119457
2,101.68332152895803,142.19002379519952,109.84747241807693,686.5753227982607,111.05164942845333,105.71582550877062,131.55149227329673,118.84942965128727,111.04350733022841,125.0159675190813,184.07837529329387,176.01427761361157,102.62114427339799,0.0,3930.7021406481654,3758.984668742068
2,100.65785472258605,141.84588612897443,108.66770254768966,654.1394378481577,106.9811537664639,114.6302786409657,137.86317373537065,140.42561514207625,109.13513482463443,125.12519887867272,109.01738834588942,112.15502186404044,201.08049542276763,0.0,4119.27798602379,3731.9525812210786
2,100.65807538175784,131.4195718897676,108.06885800220054,640.3926120543583,107.0342143995559,114.03224098603062,169.9153767678919,100.87195876291433,156.31707591860498,128.50794808437573,109.01738834588942,100.68293731414886,168.7211730834997,0.0,4147.703156910674,3713.43030419929
2,100.7741138265684,128.1339022853184,100.45065883382128,629.7124320999902,100.24794922888074,114.47757168364741,138.46168608183277,140.04549256253313,152.72429963898279,124.82997995564995,106.7182898331604,100.9889537515221,171.73801649664722,0.0,4185.020047319899,3704.2575333662767
2,100.77253194283226,142.87070949349223,100.18493679692504,621.9050326372335,102.03763367935328,100.691542894898,170.419036672247,111.66498551913719,156.97881774859886,142.2699623921458,107.36327915506958,112.16242711454171,153.6468125180669,0.0,4196.547524731361,3691.736023683286
2,103.44224257215748,109.02814165173882,154.52449878770017,570.4778446937494,107.0667740414458,167.3900269384543,158.95497618631836,111.53321717812092,105.33960845335811,129.59642981241046,153.6878761188376,103.87985128202692,103.54207966139595,0.0,4201.783242478512,3636.1236519155873
2,100.43250988611958,121.38201194205688,105.3377623548825,571.6241080858401,107.24367674863122,113.50781847246904,151.5273550589918,127.89273905896742,114.51228651591087,139.6911185966938,153.2400529691006,136.26304144272467,169.49947005532806,0.0,4245.69464161498,3633.9094380143924
2,100.86491581982338,123.85834604011447,115.91303489740966,565.061594013606,108.37254910803897,134.5236092181852,135.92610107335227,145.15579003593564,154.7875944711965,133.66306289938558,152.99128405541228,103.85291144858114,105.97591956240902,0.0,4262.093208256919,3618.5407610523143
2,100.13470099278818,104.4276081800704,100.06620209557374,513.6030770864043,121.8406186501233,103.46060751418489,145.75782273811,145.02287000354397,128.43827127839637,135.16320083919575,152.8378336672841,102.30668942717932,117.96162336515577,0.0,4435.209418206055,3602.0681275580873
2,101.84930393012341,143.51885527330842,100.932422676409,467.7306693593576,101.50195419941045,102.3743813581161,124.28286817619245,145.02886643915133,118.33216596629902,141.60057282423432,113.38993576132934,103.87180617430758,120.4920665653916,0.0,4577.015647362887,3581.145668369827
2,101.9867608073083,142.39783247735812,164.14753666423434,460.4919227053804,101.50195419941045,102.3743813581161,124.28286817619245,145.02886643915133,117.35238569136642,141.466134253961,105.40509352670037,103.87180617430758,168.64628892685562,0.0,4595.926212986462,3549.93356821999
2,101.98647137686933,144.1296234375621,156.5979670081896,444.6890354451379,106.98676000165378,101.44075814600869,124.28286817619245,145.02886643915133,118.30234358292884,141.466134253961,105.74529950690238,102.43277328146546,168.64628892685562,0.0,4638.736566966688,3539.231066480285
2,103.62621858232018,139.03763590199225,104.4158827174373,403.8504433856721,107.40107939457293,120.53313043069687,112.27974448398172,144.95031334103993,157.23737165341242,143.8426776862829,108.4848363832584,121.21652207309023,124.49321838749032,0.0,4700.212525757744,3513.7350730874086
2,100.86491692102902,141.53049092904027,112.34249384741878,352.71839731226646,107.27573061755166,166.19109444878904,145.60293289761262,145.15579003593564,154.7875944711965,135.66272433618082,152.99128405541228,106.44997174537443,168.74983759903395,0.0,4707.873815811473,3448.018155240078
2,105.97377976508167,123.89771347258944,112.36609360832072,372.6908684398644,166.1560153682088,167.83919637679475,136.60561389163774,145.15579138985018,154.7875944711965,158.13421088893818,153.99987138414838,108.83193478322485,132.50930307223317,0.0,4712.240664204022,3437.973623072286
2,100.86491581982338,141.42826012857017,112.34249384741878,353.8662756966227,166.1560153682088,166.19109444878904,135.92610107335227,145.15579003593564,154.7875944711965,128.40033450079466,152.99128405541228,106.44997174537443,168.74983759903395,0.0,4763.429803061112,3428.6863142536818
3,658.1374947986434,780.5190038564842,352.64439153202363,469.51101814664474,418.06992582617903,723.5673169650219,371.34076695218147,666.6449531618359,502.63609554884096,453.99016556457264,492.24869092557753,592.1732725996194,432.8972108510482,0.0,998.246507230323,6999.283595431964
3,655.7756435648229,780.5190038564842,344.1642325824878,480.49400705575886,418.06992582617903,722.2178634708861,361.261769726249,666.6449531618359,502.63609554884096,453.99016556457264,484.68832129283544,592.1732725996194,430.70965990972053,0.0,1000.6725208182256,6986.301063585551
3,658.1374947986434,780.5190038564842,320.6060703746157,469.51101814664474,418.06992582617903,723.5673169650219,371.34076695218147,666.6449531618359,504.6883555441557,453.99016556457264,484.6750951811198,592.1732725996194,420.1079144306329,0.0,1002.1317319614441,6968.922520431174
3,658.1374947986434,780.5190038564842,352.64439153202363,476.48980301541343,418.06992582617903,724.5359076625042,361.3798149081928,666.6449531618359,502.63609554884096,453.99016556457264,484.70009115269676,592.1732725996194,170.1964520848275,0.0,1032.2917647466925,6781.949673945678
3,658.1374947986434,780.5190038564842,352.64439153202363,469.51101814664474,418.06992582617903,723.5673169650219,371.44304263894855,666.6449531618359,502.63609554884096,453.99016556457264,492.26046078543885,592.1732725996194,142.24182813803898,0.0,1036.384161430246,6761.203867835046
3,658.1374947986434,780.5190038564842,340.2756799617491,480.647164625366,418.06992582617903,723.5470734081817,376.9727337441652,666.6449531618359,502.63609554884096,453.99016556457264,492.26046078543885,592.1732725996194,115.27942812601249,0.0,1042.9476090826654,6732.333920860289
3,651.4291893917085,773.9670466265617,173.945758120314,508.5891362530087,362.743408871575,745.2340828802222,372.11858291255356,747.285479501654,601.437250422508,483.73823645142534,487.1556013521688,593.3586826934145,119.43978319495066,0.0,1126.1706841191526,6672.854068055989
3,638.3909650935872,784.9782058009819,115.3992385278589,504.26320232670065,364.1710848145836,784.2885869272001,382.8014456271267,688.6624055749552,564.0111852989962,498.93642654560307,468.1544801107744,622.131152800069,152.24999797687803,0.0,1140.4535388687223,6629.774766591566
3,769.0952582944956,795.4630081886974,106.01753156243511,435.1069827453318,278.88340810240885,797.6960774989211,392.2363890872042,798.0405941125535,771.6684667069562,482.9308945510479,459.27469901864674,650.5880621004784,101.64568859610455,0.0,1291.8962360967105,6629.767957787794
3,746.6065735567167,797.7455722653427,111.91192883100094,474.9952883389614,291.489644322995,795.532404504729,370.64937980952465,741.8779194680368,584.5136872577314,135.33391226942402,482.24409983459276,773.1445000837189,133.25614683640958,0.0,1326.590031898955,6405.408588773293
3,793.9472792897122,792.4815138071599,112.11883937128023,492.05499692542986,293.94028988314267,797.5271807072019,372.7862861400542,792.0163046485034,727.8834182327047,116.17857602463584,452.700775983976,650.5417141682728,109.34293073747656,0.0,1356.7650771445244,6403.661821114735
3,771.8689231112708,779.2150627673186,128.73312219424508,435.1069827453318,278.57007630364456,797.5714419387774,350.0566434683756,798.2199159360567,798.6026872478228,101.44527645211558,453.0308082095622,649.6523772966349,132.21254041941623,0.0,1378.1548306101402,6380.114501743073
3,776.6661660245801,791.3850987772493,113.87696919871728,433.20823956959197,285.94853533867035,799.8525031476927,371.5962840560569,796.9649918626367,781.876521622638,114.69005821747866,396.50932911145014,779.2686888993796,109.65197875026365,0.0,1433.2955973698301,6374.365395430997
3,781.4490762632728,788.3336615607574,134.39849002843147,479.62552043893805,204.0517140668138,799.9757848230315,309.8881606919251,746.192304819398,763.2409388577457,100.70982129532742,501.625969266735,782.0371172403944,122.96383833782075,0.0,1462.5263588611977,6367.323854366594
3,777.9048008242668,799.6522993642242,113.24525640637916,501.3047478117822,289.07869720936105,795.5371854502393,166.89367104207446,789.2170973545134,722.4198823230369,121.51271097144975,418.12157312519855,772.2976271416163,132.21792268880645,0.0,1491.5859783049036,6333.113948288232
3,799.4779408330359,780.8344789682632,113.24367024956845,499.70927058381784,301.7451227126387,799.8364686425547,166.89367104207446,793.880124530818,723.8028497053388,101.98033827777898,423.27402607404116,776.2968838478888,132.38503717700513,0.0,1498.532243695513,6329.07013782992
3,769.7462282375216,799.7676292721098,113.24518186498501,481.99612527709365,289.07869720936105,799.9044562084017,166.89367104207446,798.2750688800504,793.8887984774776,105.60518602547533,408.6107632944721,772.3059403926769,132.43780086067045,0.0,1526.0575896943947,6323.1012928506625
3,772.5228958593548,799.4419246808962,129.81768087242975,432.0360428552745,289.428103198857,797.5636325879763,181.39931515982337,797.4716457533505,129.70418907475073,105.87741141141039,452.80628236852334,789.4711491546268,129.12960321867945,0.0,1535.21969422841,6051.057395093329
3,123.45010688125925,799.7207319961481,103.19917847913138,511.1412898629544,302.90931344498586,799.7825728394886,381.70338946905053,798.7146266274323,114.80787512898996,109.12108065499156,469.66609578298,777.9735983290414,134.7317420358167,0.0,1541.1120849044728,5713.893479079971
3,123.45010688125925,799.7207319961481,108.06119400563672,517.1202188256982,304.52989175599464,799.7825728394886,286.22342939873636,798.7146266274323,120.03577490766622,109.12108065499156,423.80153987770393,777.9735983290414,134.7317420358167,0.0,1566.9350179029325,5619.351381761508
3,123.45010688125925,799.7207319961481,108.06119400563672,491.6805646968496,304.52989175599464,778.0376880638526,287.90528016117554,798.7146266274323,124.80303249442477,108.65866563151096,423.80153987770393,776.5492744770685,117.43994364132357,0.0,1575.28344708754,5570.2484553965705
3,123.45010688125925,799.4705753838847,109.39209715707523,474.9952883389614,291.7111465883362,795.3362421825673,285.7251736982879,790.3115464971006,124.80303249442477,121.67147369142674,330.13718845867567,769.7298800543542,132.0884249845579,0.0,1614.3818987480183,5500.543326782372
3,112.98024573950906,799.8949966132136,109.78830853107316,450.6725167007644,272.4537103489263,796.5142084734376,285.7251736982879,790.3115464971006,124.80303249442477,106.34599155584657,332.72644342470164,767.3997627892808,129.16657514293922,0.0,1638.7906579842231,5452.879843433017
3,772.5232017097638,799.4419246808962,105.68588375510913,501.23948235117064,289.46223465135614,798.8028818448101,181.39931515982337,156.5600587358025,108.32830578591235,105.87741141141039,423.31075164333504,773.0282595980755,115.16967126041537,0.0,1729.368337332056,5410.214022052192
3,102.2412954018704,778.0729387985275,112.6184566210288,600.5676501761806,252.12661778078342,796.8694159808747,170.0781427052565,792.8638094353304,104.30635736108712,137.611538416599,290.66280424615286,773.2425384236676,117.63110523143256,0.0,1739.6248502234853,5380.7396389971445
3,772.5232017097638,799.4419246808962,105.68588375510913,450.3592547605145,289.46223465135614,798.8028818448101,193.42191080764613,156.5600587358025,108.32830578591235,105.87741141141039,423.31075164333504,773.0282595980755,112.19269290919331,0.0,1751.6483296947176,5379.224989648991
3,775.5147418785914,778.122096406671,130.30232705085382,610.6507821206865,306.65916695167823,797.3571715534673,188.6244825959294,146.4039391816189,103.00923564074171,103.82495004265331,259.47377856964033,776.3047818854001,128.89842134918337,0.0,1814.3778951467634,5354.679252051513
3,110.77619182951723,769.8424888204653,137.6244552643496,607.3674354014004,292.5430494569207,799.7902062627049,188.6244825959294,150.61496262831133,103.00923564074171,117.3709357968148,324.49699350828087,790.007403390226,110.83880071634687,0.0,1832.503939738555,4935.30367285941
3,110.77619182951723,798.2951224821355,137.6244552643496,598.7354338419984,292.5430494569207,798.8767120171728,188.6244825959294,150.61496262831133,111.47783346963092,117.3709357968148,252.93757014826895,763.1845691924477,132.09408396061454,0.0,1872.8874580025263,4902.234241412831
3,109.86596465732624,799.6650240470581,128.9819465038992,598.8001225552673,236.10053211709968,797.5700149246172,217.80711468095166,146.46814692121504,111.47783346963092,117.3709357968148,128.13503429097108,778.3753342918621,129.13754923651422,0.0,2015.8721350855621,4792.3553135983
3,109.86596465732624,799.6805513474893,113.35189290559553,560.1302631399284,293.06069987429595,798.1868886955024,188.6244825959294,141.07124605696316,111.47783346963092,121.64519764637873,124.10534032043124,771.2745334796921,134.54400610232653,0.0,2044.762113727639,4760.881618162975
3,149.77129507304184,101.45857265032703,154.8270458524357,582.835228269351,291.3534519031805,799.8462047189097,150.1756833079595,776.6420866761891,103.31286967594798,107.53499341042797,290.20008616993255,715.1279374086324,133.09941950864862,0.0,2171.6414233781143,4460.103330524162
3,110.5144898673113,120.23186743802668,123.63436503528281,104.91760216819044,286.4240036250102,780.3981944526022,150.6498445642086,158.7427638398401,102.74264357729534,126.54895929216661,271.59099140619423,362.2527772589102,131.91578785567754,0.0,3568.5598637400026,3153.476864698884
3,122.12027942375397,115.68545404155199,137.35625840409335,503.78782072193604,304.42593625165466,132.58521263848482,150.51305010376993,166.3269100018485,101.48681690299742,107.99768169608922,266.10043967606566,427.50439211223335,168.79740556912054,0.0,3905.8838421727633,2828.4644969806936
3,106.50104445666108,196.42687626543935,128.9819465038992,552.8225159329161,292.5430494569207,129.96084143530194,189.56173363378883,141.06455553810906,118.95972612680917,117.3709357968148,126.66635142252565,423.96772758107556,134.54400610232653,0.0,3962.9341938853076,2823.0350949548138
3,110.72609573964749,104.00406889031093,137.7967894952156,336.70298502595364,368.4465014075333,115.03159350640603,144.39494753711995,165.06133923489503,103.60296617907112,126.21480107771512,376.31330733070877,403.9540164951062,132.4857677631367,0.0,4176.981853144676,2746.874601382751
3,110.72609573964749,104.00406889031093,137.7967894952156,336.70298502595364,363.2081676568792,115.03159350640603,144.39494753711995,165.06133923489503,103.60296617907112,126.21480107771512,376.31330733070877,403.9540164951062,132.4857677631367,0.0,4181.051731137748,2742.886808810017
3,110.72609573964749,104.00406889031093,137.7967894952156,336.70298502595364,363.2081676568792,115.03159350640603,144.39494753711995,165.06133923489503,103.60296617907112,126.21480107771512,356.73639997575134,403.9540164951062,132.4857677631367,0.0,4210.0302832957195,2723.858059214211
3,131.7839038311269,114.39717345254365,133.87754184896676,103.92468714238878,286.2280127656466,129.9864888874259,133.80931812075994,120.21625754214736,118.9223923246689,108.56494679768085,412.2195309781436,431.2039367556555,172.44448613422225,0.0,4687.273394413932,2644.768542055935
3,106.33990478365511,121.62596961849621,137.1875853775901,104.72836531291122,289.65262648430075,138.78715492626912,167.07609361293953,140.63404172221317,118.77955691017083,126.44841164405403,363.8642525203116,417.0435785726526,134.2318916609735,0.0,4711.311345880204,2583.5304704230984
3,122.28321771288147,115.51888581278111,137.6958405834772,101.46058347996919,362.38592775720775,133.39956566634402,123.39297033019977,166.42190522361614,101.44289438827343,108.04972643458932,266.10043967606566,427.50439211223335,168.79740556912054,0.0,4847.171109294808,2554.036589429976
3,110.5144898673113,120.23186743802668,138.01768968596804,104.91760216819044,286.42980862490094,115.03159350640603,150.67194765787275,165.07460751853682,102.74264357729534,126.54895929216661,271.59099140619423,386.2609555044104,131.91578785567754,0.0,4942.100900889751,2455.1845193239387
4,726.5178763342254,735.902744010824,257.86948134680745,510.85416915689405,442.6448450831556,635.9858290926251,408.95644312605884,665.2737454473958,463.01755516022035,605.3281326371048,511.7905608248966,704.0957926813833,434.76652108536445,0.0,986.59393150648,6947.0614788960975
4,795.1457370491587,565.4624928394583,110.20050882127926,508.6888097810658,514.8761818158955,530.5001774853399,575.3236819114709,462.5913647223286,485.01821803298054,730.7995422807904,632.4026636619444,798.713339578771,122.86448700411083,0.0,1040.089297988197,6331.265408918124
4,795.1457370491587,559.6308987459424,110.20050882127926,508.6888097810658,514.8761818158955,530.5001774853399,575.3236819114709,462.5913647223286,485.01821803298054,730.7995422807904,632.4026636619444,799.847729366629,122.86448700411083,0.0,1040.413933935637,6327.029743874462
4,793.8003480857757,555.2929873618511,111.84149395364778,508.6888097810658,514.8761818158955,530.5001774853399,573.5317683781759,462.5913647223286,483.12268901611975,730.642414076112,632.4026636619444,799.9507768662006,122.92005629129895,0.0,1040.425528076617,6323.664420963059
4,795.1209052048652,511.93308045142146,100.894933304608,508.6775561031149,514.8761818158955,528.975149835623,575.3236819114709,462.5913647223286,513.6297898923124,730.1693871588461,632.4026636619444,799.9507768662006,122.88033644295221,0.0,1042.4892851710567,6303.7625975387255
4,797.0776587602403,518.9022142229944,102.38758273355725,509.8960440248389,546.923722195862,475.71640958622794,607.9737724285042,462.09716524513067,481.89051018213445,757.3562716569395,630.1398824655497,799.9517514637098,123.62086227164959,0.0,1047.0805649991366,6298.617908490259
4,799.9378272977406,503.5981096262738,100.86540540934263,508.7110623704446,504.4711149853715,523.8127126001475,573.531523762864,465.9801661771322,481.1225023657997,760.450605088498,634.7821973414019,799.9425387725798,112.30956881179709,0.0,1050.4312717423563,6279.083562855101
4,789.9607579115998,547.2691686489434,100.29399037269339,508.6888097810658,514.8761818158955,523.7342577893439,575.3236819114709,462.5913647223286,463.4379240115302,730.6946921118879,650.4009253086128,799.9507768662006,118.1574563708433,0.0,1051.8341628009364,6276.298468031871
4,796.481972682847,558.9942298150172,102.71895480302157,503.97177153231746,549.6850846590876,482.09100041664806,582.6163127198512,434.91988971828965,454.8706841049619,798.8385394534162,712.6480963590926,799.5255393379092,124.14500471617,0.0,1093.735388302654,6274.219317382585
4,795.01964380316,466.5892453985141,100.18883181657732,508.66377490931984,544.2667256662183,459.4519597258128,572.6958599672948,453.97043483879065,483.34549901046995,797.1558083058052,709.3347972348895,799.9891091268853,123.35519306998177,0.0,1095.3817563218138,6231.485518688646
4,799.167761311066,474.8725921838554,103.66777610403078,508.4988211316887,637.9930433851204,477.68635133177,574.2091876021755,431.7081511198383,451.89802520610306,767.8119899927387,712.6655539825884,799.5280776644186,111.19687840819745,0.0,1103.1614249193935,6219.31039930515
4,797.1337559811471,474.81191994342674,103.68429716322102,516.022059850955,605.1481264751246,482.7671773710225,582.5281007158123,431.65550558584323,450.8125500110271,768.9828711733464,752.768731896091,798.068875865043,103.74570844582144,0.0,1126.825066659572,6209.340146656711
4,799.567015855397,513.8182088234767,103.5898598893409,458.7166221757469,701.0783119222176,419.33333363072546,572.4443779196127,432.2770865644354,502.9892936471815,798.4823877991481,766.5143962888102,799.5311568024193,109.7440827417483,0.0,1186.8015579491087,6202.367739130499
4,794.9027226166922,503.7375410488167,100.05385718634368,497.49626138143117,746.6410907767488,459.4519597258128,600.1974241321439,333.9146461950122,467.70202522889525,796.44961904163,795.7754348477552,794.8574034852144,114.2867375480293,0.0,1230.3723397519464,6172.389287908229
4,797.4048903368347,512.6932511027127,102.37866169454801,504.1641999769196,704.6913194475068,423.90916970779125,388.6151407030196,470.5532251282375,273.32465868551105,799.2532173037002,797.7357764116665,799.8955790933501,152.27593312474033,0.0,1360.829614058899,6003.243129737672
4,799.2284292507354,764.590611184279,106.04792448315547,258.6504809161776,134.82767161513237,780.8082588332381,389.99022329932063,461.5871239715675,480.00624883708605,359.8811949959246,795.3203715054826,798.704269628523,138.9682059642917,0.0,1555.1358227427081,5997.62458775053
4,799.2284292507354,765.0376969801933,109.16708580790116,258.6504809161776,136.50264886785732,780.8082588332381,397.3334826197256,371.84446532833067,448.4949933626795,364.5069357151091,785.8820066837285,798.7035089847398,138.9682059642917,0.0,1577.2922261554868,5922.562414077221
4,798.8444569629622,628.3393801561996,799.9311982235768,492.791124754107,756.9783014621191,404.1990613254837,527.8403368270801,458.83145518211126,479.71762223304876,746.8664366509938,792.7366293406271,799.5173916199107,127.17521787634104,0.0,1652.9092136270426,4427.237267110388
4,797.3180114584746,633.7067695425362,799.9311982235768,492.791124754107,756.9783014621191,407.8712606204152,527.8403368270801,458.83145518211126,509.9826995086714,786.911873129154,792.7366293406271,799.5155866235991,127.17521787634104,0.0,1659.7033802413223,4420.197166307222
4,797.4781741017965,799.8392480382608,800.0,273.5128883640248,785.0783324596775,527.4875311780786,581.4814768608978,450.893317883139,351.78041259712836,798.3113745962683,794.9197340906024,798.7599074414085,124.92577895098772,0.0,1810.5431543911138,4161.270381960035
5,554.7510849492626,514.6189821222099,332.95151719675937,670.5078516709382,532.6047732628372,740.6372319547417,510.6439820878368,543.9848431860773,468.40137251870726,527.4887620393941,522.2745025447937,613.7409872762856,345.1448616713449,0.0,710.1006469346639,6960.035381686554
5,490.9952639767376,625.4475603435876,357.90398977888304,665.8391405778071,532.5937898081164,742.306040246237,510.5600072966835,469.22826794874646,468.39950741211595,480.4407274217791,472.1397193748512,609.8474257893289,309.24949766060706,0.0,773.3542504980114,6848.770682477085
5,555.5000238064035,458.1316610515199,340.96575717605674,763.7429179456431,499.31687627610046,790.5906899466173,549.4875259219152,482.52080131763404,460.0465480436232,415.64582469924494,488.603070500675,671.2340412802062,297.77418989600193,0.0,911.8587285301824,6678.735036656521
5,555.5000238064035,456.68849808416064,340.96575717605674,763.3879864730633,499.31687627610046,790.2673068636107,549.4875259219152,481.5111446036833,460.0465480436232,415.64582469924494,489.4316219561697,674.8079603918237,297.77418989600193,0.0,913.2604860317197,6677.021606697827
5,544.333789958361,456.68849808416064,319.2146250802042,763.3879864730633,509.75860716640886,790.3930056862985,594.2575687881733,473.24702317213246,459.9398038397081,409.6990516739119,489.4316219561697,674.8079603918237,299.4131193949583,0.0,946.5684116443033,6662.481673310131
5,542.0255099448466,456.68849808416064,316.0311781750124,763.3879864730633,474.63692226858427,789.0836554943003,601.6746497085694,473.24702317213246,459.97469705510974,409.6990516739119,489.4316219561697,674.0151790720437,290.3887119894496,0.0,962.6245868012195,6624.767674488086
5,555.9980962406227,450.35134991545607,341.4254012725455,773.9029820992932,499.0902964839871,799.8439332638702,549.9467463477954,481.54605943554316,474.8615974855851,475.8178609553831,469.4335248006351,712.1252231647089,200.31785849622514,0.0,994.8959718516724,6584.4605055784705
5,568.7754490975121,450.35134991545607,319.6742691766931,773.9029820992932,509.5320273742955,797.8455499854579,594.7167892140535,473.2819380039923,474.75485328166997,469.87108793005007,469.4335248006351,746.0215258286561,201.95678795049895,0.0,1043.673895914957,6578.122309870886
5,521.4387254368339,518.9491979963856,294.7928419985511,763.6436382432968,428.7416446326752,797.929472770564,594.7167892140535,503.0699279874135,451.7058711890052,608.625031590004,481.8813032505431,761.0526225526563,171.95332704351472,0.0,1104.889603030286,6575.206787689864
5,608.8338236824547,518.9491979963856,339.5193768445844,757.9676037364512,433.8450234716286,797.8121226614184,586.4753744849913,471.7474105744435,468.40137251870726,496.31104147547364,481.8813032505431,744.3653507523765,109.90788943745645,0.0,1118.7776984370835,6511.031210524942
5,612.1062094988743,443.53931947616894,181.28434352107325,779.266379467812,533.2316008187261,783.4315548089558,587.9750656953449,531.5710639681631,458.59865379505993,473.65374427483295,607.7163223536181,753.0767052033714,107.38166876437256,0.0,1255.3406860341436,6411.220476610026
5,717.0719326293098,458.5595299119312,151.24603680914078,786.5090169741494,446.88547378187275,797.2065028658362,614.3162678229198,516.8080794478158,467.75893988328875,471.51402025055256,488.1555098878476,744.2249099552023,102.40645053942855,0.0,1336.774211812459,6340.249191026037
5,523.8756411887545,294.2892463194766,150.4412448729998,751.0437300287291,538.8271953292549,759.6953052179072,593.6025922890193,603.6644330756131,455.1347196831502,460.65684947508464,469.544415719574,750.2086864829564,122.18160421939726,0.0,1340.5368610899288,6205.198017210248
5,589.7353665686928,446.04877211522364,211.5602828092842,789.8792428352158,729.1020087532943,784.1392242200418,590.5382895229537,340.5854707581864,258.7275862887991,473.65374427483295,479.08518948535146,753.0767052033714,107.54090766271011,0.0,1463.911928337435,6153.967956584899
5,542.968696240696,176.94568581282553,289.74299561684006,788.9652705982461,690.4350110323271,763.7653991558394,545.2308086508931,340.96192894679507,185.58053919819207,468.5090651480495,597.165407158308,748.7395525963409,102.68731454566166,0.0,1593.4203883476919,5942.828531486489
5,542.968696240696,176.94568581282553,201.52801052551843,788.9652705982461,660.926786717244,763.7653991558394,546.9417953307058,340.96192894679507,101.43596080328774,471.00901530165135,614.4433372360895,748.7395525963409,102.68731454566166,0.0,1719.1070888243898,5814.913957914011
5,719.5168893382689,117.20157029612608,180.98619588401448,798.6506692988223,730.0225217927804,798.891097009337,554.1774297554653,332.8496020305836,187.08341952204623,227.2783059711109,488.4464331249684,758.9371723335264,106.12444893934291,0.0,1889.2918493461248,5769.900089606519
5,704.2417070932379,311.04027615306654,177.48874620287063,784.7478395936988,674.0126100641946,766.2271172432866,549.81470301524,121.00360672418859,185.14665936513572,210.04835209865996,503.23659847410977,758.5647612842419,102.69628043681126,0.0,1906.1069579696114,5689.490884937664
5,526.0593037907768,116.21802899494571,201.75025454720594,789.6741295427453,660.926786717244,763.7653991558394,541.7934245804462,340.96192894679507,109.85299364879818,104.25109760935867,614.4433372360895,742.6195114962375,100.73908603861204,0.0,1993.9634463961606,5572.902890767522
5,562.6291132432751,129.68104255812167,148.59349126170102,781.3355569116408,497.02306610656836,799.5281258643658,553.9396361970278,112.73980775002204,188.08976480082538,188.66783336892433,487.81226227190285,758.6471022593706,105.48033491345795,0.0,2032.674682739444,5431.655858532165
5,690.8190355606391,122.06528082461375,113.30254144323493,799.2388174554632,127.30576492101784,798.317805305244,529.925446854264,122.59961635606238,112.97879252773072,414.2179136855113,540.6660876116532,711.2775755018106,101.4559419120556,0.0,2138.553114184629,5405.65867054284
5,561.3162282606045,117.1861908366081,156.38440859009808,781.3355569116408,118.518692398176,782.744274020601,553.8996797486939,135.21618171086254,179.79480917694383,188.66783336892433,503.23659847410977,758.6471022593706,106.09605514696598,0.0,2199.8610051517157,5270.114848235437
5,565.4717615784868,501.00844656258477,114.97649364185585,799.2411463757869,114.74986992147416,799.7798179586656,240.32313184507527,115.18413470677105,167.90442705073855,129.32661781300186,240.42940074780012,779.7631774542112,101.92624792582941,0.0,2307.290728972472,5181.353494844722
5,701.798467734553,102.71267776866178,143.07601720610486,789.3056759475278,119.73476325521146,764.1907393677006,171.18562400703092,100.96985142934817,222.62043688018773,116.19769871730043,493.69162187873684,706.2991715627726,103.40552732020394,0.0,2383.688272040069,5138.201673370176
5,742.6486488258198,126.8990063398179,160.4648410574714,748.4375629945522,177.95903341235208,799.9696733730178,170.60616041254855,125.72115918630581,109.74676881982995,113.78805935511328,240.643370570583,742.5808623980649,100.70874433030698,0.0,2450.6401369233604,5104.948124457181
5,690.8190355606391,122.06528082461375,113.30254144323493,799.2388174554632,126.55337235705645,798.317805305244,147.22831273929683,119.23238887854893,112.97879252773072,111.1067471524695,242.8081221683003,711.2775755018106,101.4559419120556,0.0,2503.60925962076,5056.330670733944
5,690.8190355606391,122.06528082461375,113.30254144323493,799.2388174554632,127.1638539991087,798.5210437798116,147.08980440839116,105.02432653672184,113.55346801580248,108.11909480797527,242.8081221683003,650.0519730354702,101.37129441016108,0.0,2528.000332732977,5016.242689286758
5,104.84893372621144,117.84455320612929,116.19581750906418,750.7955195092769,126.82219989911982,798.4858999477214,605.4178320111977,120.11294257420262,104.912424053742,108.97765853440558,237.68244760328406,713.8397094343587,119.36543545708471,0.0,2541.7554300635743,4929.333514807761
5,137.39368498926456,315.4742554622819,144.26937203881135,799.2387819751939,138.67272620633108,765.4521946033359,207.72463043589642,119.24465923436438,106.21047046018991,113.83133379241407,150.43452176456947,794.4231900752702,100.64864152805212,0.0,2570.013475018323,4862.900127363066
5,132.7627004104368,113.24646321593681,114.97649364185585,799.2411463757869,126.81385534330119,799.7798179586656,207.72463043589642,119.22454828515313,167.90442705073855,124.86781870915891,240.42940074780012,755.6143881889058,101.92624792582941,0.0,2610.123654089044,4834.043783954884
5,104.2984240927969,163.6020079624095,162.36435513442885,788.8670178135376,126.81385534330119,799.6824865262292,117.76220599797308,120.11294257420262,104.912424053742,113.83627635239749,221.91514478210038,744.5040797447543,106.63084421616836,0.0,2647.0592957457043,4811.368048542555
5,104.2984240927969,106.4218478524827,162.36435513442885,797.9598013848193,126.81385534330119,798.4858999477214,117.76220599797308,120.11294257420262,104.912424053742,113.83627635239749,240.42940074780012,713.8397094343587,106.63084421616836,0.0,2666.7873437153826,4794.794650569063
5,106.39394581808598,105.42117493569815,175.49754558199652,799.1076565975688,132.8602344436277,771.1189751824309,161.07200460512556,102.30540220422351,110.6391536559345,108.14550758632619,215.3578981762289,693.7783359448515,109.05397343826459,0.0,2675.0793163656663,4755.024984338462
5,106.43768295469593,105.42117493569815,141.37412953267906,782.2315348352082,104.3619374375615,773.3088641574838,161.07200460512556,102.30540220422351,110.6391536559345,107.99777653415393,202.49628983409002,693.7783359448515,109.07656508512272,0.0,2703.941658134895,4741.139697815874
5,157.59913893507553,104.17374599653783,113.30208916313128,799.045625248313,104.63533713859555,745.6508355781493,161.93514376860932,105.23271974506714,102.61028561842701,103.11701827881794,105.08163443071409,683.8230860469029,101.58788163045179,0.0,2742.8560859834847,4728.121891277608
5,132.75614763303497,121.1647959966006,137.3956903756212,799.2364472093319,111.63942909657595,726.0637020473615,207.72463043589642,145.19164595762143,105.9746698846227,101.35564695203007,613.3149159401796,130.8282486161009,100.69867034221966,0.0,2744.424091080272,4689.0903754576575
5,157.59913893507553,103.90798778504347,113.34666199759013,705.8269208939473,104.85509421415986,745.6508355781493,162.25484102938518,105.23438640484696,102.65064190266631,103.11701827881794,105.08163443071409,685.8482301543089,101.58788163045179,0.0,2783.387249705458,4649.43852622596
5,103.71368257853327,107.5598296623156,150.08728589922222,786.8561893240783,126.81268710028752,788.7569347479141,128.34924578320985,110.55755101749557,103.0444521603948,109.49493496847485,450.84863263723844,139.74598261379313,101.17176336130574,0.0,2808.804044091861,4634.369687211835
5,132.75614763303497,121.1647959966006,137.3956903756212,799.2364472093319,112.19510647351942,799.7798179586656,207.72463043589642,118.93698381592466,105.9746698846227,101.35564695203007,235.7739877678884,126.20990007409577,100.69867034221966,0.0,2855.617959527239,4595.886962374728
5,105.49799534798679,101.4479140549314,106.5914595558192,799.8810311277023,111.39376012512231,791.5543327616377,133.21186392068552,119.13121250381764,100.98595813609178,113.34067734372532,139.48812532739043,140.99821130285127,101.5155449220522,0.0,2924.1796992720474,4592.210787932375
5,105.49799534798679,101.4479140549314,101.02853907917907,789.0408002932902,111.39376012512231,791.5543327616377,133.21186392068552,119.13121250381764,100.98595813609178,113.34067734372532,111.82122750939905,140.99821130285127,103.41929943359601,0.0,2941.019613092286,4585.966636504372
5,106.06923736698775,117.08864032188177,150.3680130410678,755.3156313695439,113.35850970193242,772.6943642553291,129.68398444535643,106.67819817292433,109.6893476929989,116.08562086158085,158.83887809698817,131.56780343291032,101.3468318992942,0.0,2951.116383710475,4520.745956773024
5,105.64954486397578,109.73192907951295,157.1783772106008,776.2440559730537,112.20954711174505,729.0980312558603,129.9561925194526,105.10184404996801,103.38145233800341,108.1310907371712,108.44200200034192,139.30153882530584,105.84221921098258,0.0,2979.6055040264523,4504.976495351704
5,122.55169453484308,101.81458824992413,152.1735540664459,779.1900176288794,111.01532803246856,656.7377712472859,140.45058201734557,108.6509293068991,113.79651832536192,113.3734756903373,141.76055888912893,141.1147322463068,103.47574270316345,0.0,3010.2416812484926,4427.456946949139
5,109.94618124297465,101.18721395672549,105.5512660937498,795.6910484393306,118.28566172369192,534.8146522625707,241.28871134172928,134.65718046435856,114.64852596228957,110.7591259511254,225.95820449074284,121.04943181139652,103.46845822422529,0.0,3031.1177172423027,4351.537945466975
5,104.16768987789989,105.85070974675591,161.18008978004463,773.8948943712213,110.70589447408929,549.1297234385385,140.76907443037464,110.10314163099449,113.67508227697422,119.85853994850203,128.7235154911445,131.0398341591222,102.03132717913626,0.0,3090.759613789264,4335.699857138934
5,103.67688696476677,102.68911205654088,143.04210526994834,799.8187961103771,104.37393409560322,479.1825724622807,109.72281986882533,113.0706790142119,101.77695320944171,112.55855905252872,160.29186015445183,142.92329229457118,101.70188775758363,0.0,3108.42170553162,4330.296572210729
5,103.540056840516,104.14262827320266,143.04210526994834,798.324830039703,104.46429793512578,447.4931442487693,163.05442943361984,127.3347655916886,102.57325773456213,113.00949081431685,160.89305833584484,109.21564681706772,108.68555638974736,0.0,3127.2762939135555,4306.446628929238
5,104.83769782820156,107.5598296623156,113.69895127783185,751.3053095581022,126.8156556428584,454.43246648144896,148.72590509149882,110.44410898903999,103.01955906970069,109.49493496847485,237.089678512974,136.29773008257789,109.715939323499,0.0,3138.5707509110703,4249.304562133587
5,104.83769782820156,107.5598296623156,150.24509033162363,751.3053095581022,127.62349191255504,454.43246648144896,127.872192598921,110.44410898903999,103.01955906970069,109.49493496847485,172.7104028995584,136.29773008257789,110.07764991799866,0.0,3160.7319072046707,4244.5365620129305
5,104.83769782820156,107.5598296623156,150.24509033162363,751.3053095581022,127.62349191255504,418.7493534053044,127.872192598921,110.44410898903999,103.01955906970069,109.49493496847485,163.64859227370385,139.74598261379313,101.17176336130574,0.0,3182.1937680579335,4229.7315403776975
5,103.63690406794738,103.80585729121967,143.09503845766181,642.9311347301119,112.95537310427662,513.355314855221,128.895996845669,129.76432015291445,102.03096818379618,109.39168774200004,162.56543789854797,109.38287147009537,103.2774165668267,0.0,3233.7086201245024,4180.831953815713
5,106.07754332068536,100.54569516972802,109.78317771934061,647.8361766211373,111.36181015653155,462.04786918949276,161.57530366960827,116.90479923289791,109.65701028451748,113.34033092780379,161.64148669196615,110.51150745076107,108.28034208996446,0.0,3266.645347402718,4155.965539890751
5,103.63622265107102,103.80585729121967,143.04210526994834,552.0633738019915,118.24692754723347,513.2438380228655,242.34439092630728,107.48946342675538,102.03096818379618,113.17327850397147,108.8683707994337,113.00738386248297,103.2774165668267,0.0,3304.072431024808,4110.790271265596
5,103.63622265107102,109.99380406707446,143.04210526994834,563.6228581582084,104.37393409560322,487.9768552231777,162.7777136715476,113.0706790142119,101.22408799260121,116.16983973089174,160.29186015445183,104.94081565014928,108.75332132166999,0.0,3326.1545097585513,4091.3657916269804
5,103.67688696476677,102.70688246951966,143.04210526994834,552.0633738019915,104.37393409560322,479.1825724622807,134.93253344055265,113.0706790142119,101.77695320944171,112.55855905252872,160.29186015445183,123.16184747904798,108.4812894321105,0.0,3344.9704829583097,4077.702907116919
5,103.64523563196701,106.26442963024373,143.09508021235843,551.803823171041,104.27389055392393,438.119623964402,127.36694023845573,118.8708039834345,102.48438648356452,109.49492162689222,160.73082963809952,109.33775271294057,101.3652339505148,0.0,3377.950751273376,4061.339800525356
5,103.64523563196701,106.26442963024373,143.09508021235843,551.803823171041,104.27389055392393,438.119623964402,127.36694023845573,118.8708039834345,102.48438648356452,109.49492162689222,160.73082963809952,109.33775271294057,107.20649659513083,0.0,3380.7326277005614,4058.9525111579514
5,103.64523563196701,106.26442963024373,142.12744930544267,516.4255193849407,104.45466556345096,438.119623964402,127.36694023845573,118.8708039834345,102.48438648356452,109.47412730729569,160.73082963809952,109.31316034508401,107.20649659513083,0.0,3415.477847337688,4032.7152785090557
5,104.43581415691241,106.31648501477495,152.68075429763852,502.6014996320983,107.40686482488977,438.119623964402,128.22712837599727,116.80447188001935,105.11376694462089,109.49492162689222,141.0581320578032,104.49402325358058,113.45795377275628,0.0,3439.734602948346,4021.879104888964
5,104.74587493039472,113.57855130516958,143.0110609846444,531.4604201797958,104.41347536097979,287.5990657731845,230.11034442224624,107.06454241305612,114.7692490172287,112.85603959133488,166.90329875825108,140.7750298306169,100.60583880603298,0.0,3463.659391138647,3961.2666696141478
5,103.7112974456773,101.50296433029669,152.4235755965128,502.6014996320983,108.93832469957226,299.9787420388476,170.73411607406484,119.24978994498545,103.53646365597925,109.49476025144936,163.05979985095314,114.70053215477084,107.9068697163517,0.0,3508.758141568849,3961.1592438353237
5,104.47261247809259,114.273476043329,144.56376975528454,459.81189266572596,112.17341384411918,288.15830917867595,128.8576661757719,118.99516042669222,113.98272609335045,119.431679716061,165.8979082735554,130.92671385400024,102.92298982554459,0.0,3566.3706739517816,3919.7035087003433
5,104.98818279521238,113.37823634124625,143.1958535749266,369.58900081033823,104.26019555664027,287.5990657731845,230.11034442224624,113.25951933213929,113.98290679427872,113.00475967317166,234.54541814203805,140.7750298306169,100.60583880603298,0.0,3600.0900843530317,3858.831068652563
5,116.77889579038953,112.93872292747653,113.57713826465948,366.85024545865195,132.2451672808848,266.1233806502944,147.2650229895539,156.88133184342396,108.38164673624459,113.87015056818797,227.16716928329316,158.66688015023564,109.07376103851756,0.0,3644.586561087637,3835.6203722985056
5,116.69679787999598,112.93872292747653,136.78804000745083,366.85024545865195,132.69145010583,193.8487920752496,147.2650229895539,196.5879665776622,108.38164673624459,110.66867222472523,227.53800218829355,142.18412475539444,109.07376103851756,0.0,3691.2865661336773,3831.5521722582725
5,103.6453195656979,113.99797242397885,156.07647116492566,385.58875281538457,158.1680042043365,191.6313261286804,161.79340485064168,196.61789089193456,149.89484305999918,109.27688720151798,227.54876863162417,141.95693026258738,109.0077144040685,0.0,3694.5700880824024,3789.3461013250635
5,122.04146560532648,108.74273924566062,163.79774865727939,372.726280794605,158.1680042043365,184.93679250577395,161.2087535388214,198.0206652542422,161.97689943463962,120.41737426654387,220.85039671252423,140.69595480223654,109.16738166475386,0.0,3731.645149018677,3765.3581566603366
5,122.04146560532648,108.74273924566062,163.79774865727939,372.726280794605,159.78185271763,184.93679250577395,161.2087535388214,198.0206652542422,176.69204141716253,120.41737426654387,220.85039671252423,140.69595480223654,109.16738166475386,0.0,3739.7277728453123,3755.3542524874583
