iterID,x1,x2,x3,x4,x5,x6,x7,x8,x9,x10,x11,x12,x13,f1,f2,Hypervolume_indicator
0,106.0,10.0,38.0,134.0,127.0,24.0,158.0,178.0,14.0,127.0,34.0,48.0,149.0,0.3207805546045875,0.4601809954751131,0.09357337489020837
0,80.0,73.0,178.0,50.0,35.0,157.0,118.0,76.0,99.0,66.0,158.0,170.0,27.0,0.14900718931872647,0.5235294117647059,0.09357337489020837
0,120.0,143.0,27.0,45.0,107.0,102.0,124.0,157.0,124.0,80.0,23.0,37.0,10.0,0.2887709688462855,0.43846153846153846,0.09357337489020837
0,18.0,68.0,22.0,85.0,175.0,66.0,138.0,151.0,140.0,157.0,66.0,160.0,52.0,0.1999315302978432,0.5285067873303168,0.09357337489020837
0,172.0,70.0,25.0,11.0,85.0,60.0,95.0,91.0,126.0,41.0,109.0,40.0,169.0,0.36648408079424855,0.43619909502262444,0.09357337489020837
0,138.0,87.0,120.0,170.0,15.0,127.0,69.0,109.0,57.0,58.0,165.0,28.0,170.0,0.171516603902773,0.5352941176470588,0.09357337489020837
0,100.0,28.0,84.0,105.0,33.0,143.0,28.0,105.0,172.0,73.0,85.0,116.0,141.0,0.19907565902088326,0.49004524886877826,0.09357337489020837
0,91.0,167.0,12.0,113.0,170.0,32.0,36.0,18.0,102.0,56.0,34.0,59.0,85.0,0.3467134542964738,0.38235294117647056,0.09357337489020837
0,51.0,64.0,18.0,73.0,148.0,22.0,153.0,34.0,19.0,30.0,86.0,129.0,163.0,0.3108524477918521,0.3891402714932127,0.09357337489020837
0,168.0,39.0,16.0,160.0,54.0,138.0,112.0,138.0,86.0,142.0,179.0,106.0,164.0,0.12675453611776788,0.6208144796380091,0.09357337489020837
0,48.0,105.0,154.0,51.0,169.0,136.0,72.0,71.0,121.0,18.0,132.0,132.0,130.0,0.1673228346456693,0.5470588235294118,0.09357337489020837
0,155.0,173.0,53.0,30.0,68.0,85.0,179.0,153.0,44.0,175.0,39.0,22.0,47.0,0.3140191715166039,0.49457013574660635,0.09357337489020837
0,110.0,77.0,117.0,174.0,157.0,74.0,153.0,57.0,80.0,144.0,14.0,124.0,111.0,0.12949332420403972,0.5710407239819004,0.09357337489020837
0,83.0,52.0,32.0,118.0,99.0,63.0,132.0,86.0,132.0,119.0,12.0,86.0,25.0,0.24614857925368025,0.4113122171945701,0.09357337489020837
0,113.0,50.0,86.0,122.0,89.0,96.0,47.0,81.0,89.0,133.0,142.0,144.0,79.0,0.15807942485450188,0.516289592760181,0.09357337489020837
0,142.0,88.0,130.0,16.0,43.0,56.0,166.0,171.0,134.0,86.0,46.0,96.0,119.0,0.27704553235193424,0.5262443438914027,0.09357337489020837
0,23.0,45.0,147.0,138.0,73.0,172.0,22.0,173.0,112.0,32.0,78.0,19.0,58.0,0.21490927764464224,0.43529411764705883,0.09357337489020837
0,75.0,130.0,171.0,35.0,153.0,154.0,32.0,122.0,11.0,103.0,136.0,14.0,152.0,0.23476549127011298,0.5239819004524887,0.09357337489020837
0,166.0,128.0,145.0,75.0,63.0,146.0,101.0,140.0,28.0,62.0,152.0,69.0,105.0,0.16330023964395754,0.5656108597285068,0.09357337489020837
0,33.0,14.0,77.0,110.0,48.0,150.0,115.0,22.0,76.0,129.0,19.0,149.0,48.0,0.22449503594659362,0.3891402714932127,0.09357337489020837
0,41.0,17.0,111.0,130.0,55.0,88.0,89.0,41.0,147.0,15.0,60.0,42.0,75.0,0.32155083875385143,0.35339366515837106,0.09357337489020837
0,25.0,166.0,89.0,42.0,96.0,162.0,172.0,112.0,157.0,111.0,30.0,104.0,63.0,0.16629578911331735,0.5425339366515837,0.09357337489020837
0,44.0,150.0,59.0,96.0,11.0,11.0,53.0,106.0,178.0,54.0,173.0,55.0,97.0,0.3531324888736734,0.4330316742081448,0.09357337489020837
0,175.0,141.0,177.0,68.0,125.0,131.0,75.0,116.0,37.0,113.0,104.0,155.0,31.0,0.1279527559055118,0.5963800904977375,0.09357337489020837
0,157.0,78.0,42.0,108.0,59.0,164.0,94.0,12.0,149.0,75.0,63.0,110.0,56.0,0.18050325231085246,0.46923076923076923,0.09357337489020837
0,145.0,114.0,151.0,24.0,145.0,91.0,108.0,28.0,166.0,169.0,43.0,139.0,69.0,0.19419719274221156,0.5710407239819004,0.09357337489020837
0,125.0,96.0,80.0,78.0,132.0,141.0,27.0,58.0,32.0,95.0,121.0,31.0,114.0,0.23938719616569668,0.45248868778280543,0.09357337489020837
0,179.0,116.0,125.0,83.0,109.0,36.0,168.0,143.0,84.0,162.0,122.0,52.0,137.0,0.20480999657651489,0.6271493212669683,0.09357337489020837
0,95.0,153.0,96.0,30.0,79.0,52.0,19.0,62.0,116.0,70.0,91.0,100.0,76.0,0.33652858610065045,0.4113122171945701,0.09357337489020837
0,95.0,43.0,36.0,93.0,177.0,29.0,103.0,95.0,156.0,177.0,117.0,64.0,93.0,0.2532523108524478,0.5194570135746607,0.09357337489020837
0,161.0,174.0,134.0,64.0,77.0,41.0,58.0,131.0,23.0,153.0,154.0,175.0,67.0,0.20558028072577883,0.5800904977375566,0.09357337489020837
0,15.0,56.0,139.0,178.0,18.0,180.0,38.0,93.0,97.0,89.0,136.0,136.0,20.0,0.14806573091407052,0.4819004524886878,0.09357337489020837
0,117.0,133.0,99.0,54.0,46.0,99.0,176.0,27.0,67.0,101.0,127.0,80.0,145.0,0.21302636083533036,0.516289592760181,0.09357337489020837
0,62.0,122.0,167.0,99.0,21.0,124.0,120.0,32.0,61.0,22.0,148.0,122.0,41.0,0.19505306401917152,0.4574660633484163,0.09357337489020837
0,29.0,99.0,63.0,165.0,88.0,95.0,65.0,168.0,61.0,108.0,26.0,91.0,100.0,0.21114344402601848,0.465158371040724,0.09357337489020837
0,73.0,94.0,68.0,40.0,105.0,16.0,162.0,128.0,160.0,39.0,95.0,24.0,177.0,0.35107839780896954,0.4755656108597285,0.09357337489020837
0,60.0,108.0,163.0,126.0,93.0,80.0,41.0,48.0,167.0,172.0,143.0,84.0,39.0,0.1955665867853475,0.5402714932126697,0.09357337489020837
0,151.0,178.0,56.0,23.0,138.0,110.0,140.0,160.0,48.0,84.0,174.0,143.0,125.0,0.15902088325915784,0.6334841628959276,0.09357337489020837
0,103.0,111.0,165.0,157.0,65.0,38.0,50.0,72.0,53.0,11.0,70.0,74.0,36.0,0.2706264977747347,0.39592760180995473,0.09357337489020837
0,133.0,61.0,74.0,141.0,29.0,17.0,57.0,101.0,70.0,49.0,169.0,12.0,128.0,0.3112803834303321,0.4122171945701357,0.09357337489020837
0,40.0,26.0,114.0,150.0,150.0,168.0,63.0,67.0,138.0,146.0,98.0,67.0,117.0,0.1343717904827114,0.5493212669683258,0.09357337489020837
0,67.0,31.0,45.0,89.0,165.0,175.0,134.0,84.0,174.0,151.0,52.0,75.0,156.0,0.16227319411160562,0.5737556561085972,0.09357337489020837
0,131.0,161.0,50.0,60.0,162.0,48.0,149.0,52.0,26.0,138.0,57.0,114.0,175.0,0.23690516946251283,0.5398190045248868,0.09357337489020837
0,85.0,83.0,128.0,148.0,39.0,107.0,11.0,47.0,42.0,164.0,113.0,179.0,15.0,0.18058883943854845,0.4665158371040724,0.09357337489020837
0,56.0,157.0,105.0,18.0,113.0,113.0,127.0,146.0,74.0,36.0,75.0,93.0,103.0,0.22577884286203356,0.49140271493212667,0.09357337489020837
0,148.0,147.0,105.0,144.0,24.0,69.0,145.0,15.0,109.0,118.0,49.0,168.0,89.0,0.15910647038685383,0.5429864253393665,0.09357337489020837
0,11.0,138.0,136.0,67.0,134.0,122.0,84.0,40.0,92.0,45.0,106.0,158.0,159.0,0.18503937007874016,0.5257918552036199,0.09357337489020837
0,127.0,36.0,93.0,123.0,140.0,76.0,14.0,136.0,39.0,124.0,100.0,45.0,134.0,0.25487846627867167,0.47828054298642536,0.09357337489020837
0,68.0,124.0,71.0,154.0,118.0,46.0,87.0,166.0,145.0,92.0,72.0,165.0,84.0,0.13325915782266348,0.5710407239819004,0.09357337489020837
0,34.0,23.0,159.0,167.0,121.0,117.0,81.0,125.0,108.0,26.0,160.0,152.0,17.0,0.11999315302978432,0.5248868778280543,0.09357337489020837
1,23.0,45.0,147.0,138.0,73.0,172.0,22.0,173.0,112.0,32.0,78.0,19.0,58.0,0.21490927764464224,0.43529411764705883,0.09357337489020837
1,33.0,14.0,77.0,110.0,48.0,150.0,115.0,22.0,76.0,129.0,19.0,149.0,48.0,0.22449503594659362,0.3891402714932127,0.09357337489020837
1,41.0,17.0,111.0,130.0,55.0,88.0,89.0,41.0,147.0,15.0,60.0,42.0,75.0,0.32155083875385143,0.35339366515837106,0.09357337489020837
1,157.0,78.0,42.0,108.0,59.0,164.0,94.0,12.0,149.0,75.0,63.0,110.0,56.0,0.18050325231085246,0.46923076923076923,0.09357337489020837
1,15.0,56.0,139.0,178.0,18.0,180.0,38.0,93.0,97.0,89.0,136.0,136.0,20.0,0.14806573091407052,0.4819004524886878,0.09357337489020837
1,62.0,122.0,167.0,99.0,21.0,124.0,120.0,32.0,61.0,22.0,148.0,122.0,41.0,0.19505306401917152,0.4574660633484163,0.09357337489020837
1,85.0,83.0,128.0,148.0,39.0,107.0,11.0,47.0,42.0,164.0,113.0,179.0,15.0,0.18058883943854845,0.4665158371040724,0.09357337489020837
1,34.0,23.0,159.0,167.0,121.0,117.0,81.0,125.0,108.0,26.0,160.0,152.0,17.0,0.11999315302978432,0.5248868778280543,0.09357337489020837
1,51.0,64.0,18.0,73.0,148.0,22.0,153.0,34.0,19.0,30.0,86.0,129.0,163.0,0.3108524477918521,0.3891402714932127,0.09357337489020837
1,83.0,52.0,32.0,118.0,99.0,63.0,132.0,86.0,132.0,119.0,12.0,86.0,25.0,0.24614857925368025,0.4113122171945701,0.09357337489020837
2,33.0,14.0,77.0,104.0,55.0,88.0,89.0,41.0,147.0,13.0,60.0,42.0,75.0,0.3566415611092092,0.32036199095022627,0.09899688788163724
2,41.0,23.0,159.0,167.0,121.0,117.0,81.0,125.0,108.0,26.0,160.0,152.0,17.0,0.11768230058199247,0.528054298642534,0.09899688788163724
2,33.0,14.0,77.0,110.0,48.0,150.0,115.0,22.0,76.0,129.0,19.0,149.0,48.0,0.22449503594659362,0.3891402714932127,0.09899688788163724
2,50.0,17.0,111.0,130.0,55.0,88.0,89.0,41.0,147.0,14.0,60.0,42.0,75.0,0.31812735364601163,0.3570135746606335,0.09899688788163724
2,15.0,56.0,139.0,178.0,18.0,180.0,38.0,93.0,97.0,89.0,136.0,136.0,20.0,0.14806573091407052,0.4819004524886878,0.09899688788163724
2,41.0,17.0,111.0,130.0,48.0,150.0,115.0,22.0,76.0,129.0,19.0,149.0,48.0,0.20087298870249914,0.41855203619909503,0.09899688788163724
2,51.0,64.0,18.0,73.0,148.0,20.0,153.0,34.0,19.0,30.0,86.0,117.0,58.0,0.32155083875385143,0.3352941176470588,0.09899688788163724
2,51.0,64.0,139.0,178.0,18.0,180.0,38.0,93.0,97.0,89.0,136.0,136.0,20.0,0.12529955494693598,0.5018099547511312,0.09899688788163724
2,83.0,52.0,32.0,118.0,99.0,70.0,132.0,86.0,97.0,89.0,136.0,136.0,20.0,0.1796473810338925,0.46153846153846156,0.09899688788163724
2,15.0,56.0,139.0,178.0,18.0,180.0,38.0,93.0,132.0,119.0,12.0,86.0,33.0,0.19625128380691545,0.43846153846153846,0.09899688788163724
3,33.0,14.0,77.0,104.0,55.0,88.0,89.0,41.0,147.0,13.0,60.0,42.0,75.0,0.3566415611092092,0.32036199095022627,0.1010062102949309
3,41.0,23.0,159.0,167.0,121.0,117.0,81.0,125.0,108.0,26.0,160.0,152.0,17.0,0.11768230058199247,0.528054298642534,0.1010062102949309
3,50.0,17.0,111.0,130.0,55.0,88.0,89.0,41.0,147.0,14.0,60.0,42.0,75.0,0.31812735364601163,0.3570135746606335,0.1010062102949309
3,33.0,14.0,77.0,110.0,48.0,150.0,115.0,22.0,76.0,129.0,19.0,149.0,48.0,0.22449503594659362,0.3891402714932127,0.1010062102949309
3,33.0,14.0,77.0,178.0,18.0,180.0,38.0,93.0,97.0,89.0,128.0,136.0,20.0,0.156282095172886,0.43936651583710407,0.1010062102949309
3,83.0,52.0,32.0,118.0,99.0,180.0,38.0,86.0,97.0,89.0,136.0,136.0,20.0,0.1390790825059911,0.4687782805429864,0.1010062102949309
3,51.0,64.0,139.0,178.0,18.0,180.0,38.0,93.0,97.0,89.0,136.0,136.0,20.0,0.12529955494693598,0.5018099547511312,0.1010062102949309
3,41.0,23.0,159.0,167.0,125.0,117.0,81.0,34.0,19.0,30.0,86.0,117.0,61.0,0.1935980828483396,0.42081447963800905,0.1010062102949309
3,51.0,64.0,18.0,73.0,148.0,20.0,153.0,34.0,19.0,30.0,86.0,117.0,58.0,0.32155083875385143,0.3352941176470588,0.1010062102949309
3,33.0,28.0,77.0,110.0,47.0,150.0,115.0,22.0,76.0,129.0,19.0,149.0,48.0,0.21953098254022596,0.3950226244343891,0.1010062102949309
4,41.0,23.0,159.0,167.0,121.0,117.0,81.0,125.0,108.0,26.0,160.0,152.0,17.0,0.11768230058199247,0.528054298642534,0.10230314573357849
4,33.0,14.0,77.0,104.0,55.0,88.0,89.0,41.0,147.0,13.0,60.0,42.0,75.0,0.3566415611092092,0.32036199095022627,0.10230314573357849
4,33.0,14.0,77.0,110.0,48.0,150.0,115.0,22.0,76.0,129.0,30.0,50.0,75.0,0.27114002054091063,0.36153846153846153,0.10230314573357849
4,83.0,52.0,32.0,118.0,99.0,180.0,38.0,86.0,97.0,89.0,136.0,136.0,20.0,0.1390790825059911,0.4687782805429864,0.10230314573357849
4,33.0,14.0,77.0,110.0,48.0,150.0,115.0,22.0,76.0,129.0,19.0,149.0,48.0,0.22449503594659362,0.3891402714932127,0.10230314573357849
4,41.0,23.0,159.0,167.0,125.0,117.0,81.0,34.0,19.0,30.0,86.0,117.0,61.0,0.1935980828483396,0.42081447963800905,0.10230314573357849
4,51.0,64.0,139.0,178.0,18.0,180.0,38.0,93.0,97.0,89.0,136.0,136.0,20.0,0.12529955494693598,0.5018099547511312,0.10230314573357849
4,33.0,14.0,77.0,178.0,18.0,180.0,38.0,93.0,97.0,89.0,128.0,136.0,20.0,0.156282095172886,0.43936651583710407,0.10230314573357849
4,50.0,17.0,111.0,130.0,55.0,88.0,89.0,41.0,147.0,14.0,60.0,42.0,75.0,0.31812735364601163,0.3570135746606335,0.10230314573357849
4,51.0,64.0,18.0,73.0,148.0,20.0,153.0,34.0,19.0,30.0,86.0,117.0,58.0,0.32155083875385143,0.3352941176470588,0.10230314573357849
5,33.0,14.0,77.0,104.0,55.0,88.0,89.0,41.0,147.0,13.0,60.0,42.0,75.0,0.3566415611092092,0.32036199095022627,0.10314728266678645
5,41.0,23.0,159.0,167.0,121.0,117.0,81.0,125.0,108.0,26.0,160.0,152.0,17.0,0.11768230058199247,0.528054298642534,0.10314728266678645
5,33.0,14.0,77.0,110.0,48.0,150.0,115.0,22.0,76.0,129.0,19.0,149.0,48.0,0.22449503594659362,0.3891402714932127,0.10314728266678645
5,51.0,64.0,139.0,178.0,18.0,180.0,38.0,93.0,97.0,89.0,136.0,136.0,20.0,0.12529955494693598,0.5018099547511312,0.10314728266678645
5,33.0,14.0,77.0,178.0,18.0,180.0,38.0,93.0,97.0,89.0,128.0,136.0,20.0,0.156282095172886,0.43936651583710407,0.10314728266678645
5,50.0,17.0,111.0,130.0,55.0,88.0,89.0,41.0,147.0,14.0,60.0,42.0,75.0,0.31812735364601163,0.3570135746606335,0.10314728266678645
5,41.0,23.0,159.0,167.0,125.0,117.0,81.0,34.0,19.0,30.0,86.0,136.0,20.0,0.18187264635398837,0.4108597285067873,0.10314728266678645
5,83.0,52.0,32.0,118.0,99.0,180.0,38.0,86.0,97.0,89.0,136.0,136.0,20.0,0.1390790825059911,0.4687782805429864,0.10314728266678645
5,33.0,14.0,77.0,110.0,18.0,180.0,38.0,86.0,97.0,89.0,124.0,136.0,20.0,0.19436836699760357,0.40361990950226245,0.10314728266678645
5,33.0,14.0,77.0,104.0,55.0,88.0,89.0,41.0,147.0,13.0,136.0,136.0,20.0,0.2644642245806231,0.3723981900452489,0.10314728266678645
6,41.0,23.0,159.0,167.0,121.0,117.0,81.0,125.0,108.0,26.0,160.0,152.0,17.0,0.11768230058199247,0.528054298642534,0.10565498550827909
6,33.0,14.0,74.0,104.0,55.0,88.0,91.0,41.0,147.0,12.0,60.0,42.0,20.0,0.3576686066415611,0.29457013574660634,0.10565498550827909
6,50.0,18.0,128.0,130.0,55.0,88.0,89.0,41.0,147.0,14.0,60.0,52.0,20.0,0.3112803834303321,0.34479638009049773,0.10565498550827909
6,33.0,14.0,77.0,104.0,55.0,88.0,89.0,41.0,147.0,13.0,136.0,136.0,20.0,0.2644642245806231,0.3723981900452489,0.10565498550827909
6,33.0,14.0,77.0,110.0,48.0,150.0,115.0,22.0,76.0,129.0,19.0,149.0,48.0,0.22449503594659362,0.3891402714932127,0.10565498550827909
6,33.0,14.0,77.0,104.0,55.0,88.0,89.0,41.0,147.0,13.0,60.0,42.0,20.0,0.3566415611092092,0.29547511312217195,0.10565498550827909
6,83.0,52.0,32.0,118.0,99.0,180.0,38.0,86.0,97.0,89.0,136.0,136.0,20.0,0.1390790825059911,0.4687782805429864,0.10565498550827909
6,33.0,14.0,77.0,178.0,18.0,180.0,38.0,93.0,97.0,89.0,128.0,136.0,20.0,0.156282095172886,0.43936651583710407,0.10565498550827909
6,33.0,14.0,77.0,110.0,18.0,180.0,38.0,86.0,97.0,89.0,124.0,136.0,20.0,0.19436836699760357,0.40361990950226245,0.10565498550827909
6,41.0,23.0,159.0,167.0,125.0,117.0,95.0,34.0,19.0,30.0,86.0,136.0,20.0,0.17733652858610066,0.4171945701357466,0.10565498550827909
7,41.0,23.0,159.0,167.0,121.0,117.0,81.0,125.0,108.0,26.0,160.0,152.0,17.0,0.11768230058199247,0.528054298642534,0.10613648087418148
7,33.0,14.0,74.0,104.0,55.0,88.0,91.0,41.0,147.0,12.0,60.0,42.0,20.0,0.3576686066415611,0.29457013574660634,0.10613648087418148
7,83.0,52.0,32.0,118.0,99.0,180.0,38.0,86.0,97.0,89.0,136.0,136.0,20.0,0.1390790825059911,0.4687782805429864,0.10613648087418148
7,50.0,18.0,128.0,130.0,55.0,88.0,89.0,41.0,147.0,14.0,60.0,52.0,20.0,0.3112803834303321,0.34479638009049773,0.10613648087418148
7,41.0,23.0,159.0,166.0,121.0,117.0,81.0,125.0,108.0,26.0,160.0,136.0,20.0,0.12196165696679219,0.5217194570135747,0.10613648087418148
7,25.0,14.0,77.0,104.0,55.0,88.0,89.0,41.0,147.0,13.0,136.0,136.0,17.0,0.2670318384115029,0.36742081447963804,0.10613648087418148
7,41.0,23.0,159.0,167.0,125.0,117.0,95.0,34.0,19.0,30.0,86.0,136.0,20.0,0.17733652858610066,0.4171945701357466,0.10613648087418148
7,33.0,14.0,77.0,110.0,48.0,150.0,115.0,22.0,76.0,129.0,19.0,149.0,48.0,0.22449503594659362,0.3891402714932127,0.10613648087418148
7,83.0,52.0,32.0,104.0,55.0,88.0,91.0,41.0,147.0,12.0,60.0,42.0,20.0,0.3359294762067785,0.3153846153846154,0.10613648087418148
7,33.0,14.0,77.0,104.0,55.0,88.0,89.0,41.0,147.0,13.0,136.0,152.0,17.0,0.2609551523450873,0.3782805429864253,0.10613648087418148
8,41.0,23.0,165.0,167.0,125.0,117.0,81.0,125.0,108.0,26.0,160.0,152.0,17.0,0.11588497090037658,0.532579185520362,0.10643576473066776
8,33.0,14.0,74.0,104.0,55.0,88.0,91.0,41.0,147.0,12.0,60.0,42.0,20.0,0.3576686066415611,0.29457013574660634,0.10643576473066776
8,33.0,14.0,77.0,110.0,48.0,150.0,115.0,22.0,76.0,129.0,19.0,149.0,48.0,0.22449503594659362,0.3891402714932127,0.10643576473066776
8,83.0,52.0,32.0,118.0,99.0,180.0,38.0,86.0,97.0,89.0,136.0,136.0,20.0,0.1390790825059911,0.4687782805429864,0.10643576473066776
8,50.0,18.0,128.0,130.0,55.0,88.0,89.0,41.0,147.0,14.0,60.0,52.0,20.0,0.3112803834303321,0.34479638009049773,0.10643576473066776
8,33.0,14.0,74.0,104.0,99.0,180.0,38.0,86.0,97.0,89.0,136.0,136.0,20.0,0.16312906538856556,0.4416289592760181,0.10643576473066776
8,41.0,23.0,158.0,166.0,121.0,117.0,95.0,34.0,19.0,30.0,86.0,136.0,20.0,0.17973296816158849,0.4144796380090498,0.10643576473066776
8,25.0,14.0,77.0,104.0,55.0,88.0,89.0,41.0,147.0,13.0,136.0,136.0,17.0,0.2670318384115029,0.36742081447963804,0.10643576473066776
8,41.0,16.0,159.0,166.0,121.0,117.0,81.0,125.0,108.0,28.0,160.0,136.0,20.0,0.12427250941458405,0.5194570135746607,0.10643576473066776
8,33.0,14.0,77.0,104.0,55.0,88.0,89.0,41.0,147.0,13.0,136.0,152.0,17.0,0.2609551523450873,0.3782805429864253,0.10643576473066776
9,41.0,23.0,162.0,166.0,121.0,180.0,38.0,86.0,97.0,89.0,136.0,136.0,20.0,0.1032180760013694,0.5271493212669683,0.11189742402109237
9,33.0,13.0,74.0,104.0,55.0,88.0,91.0,41.0,147.0,12.0,60.0,42.0,20.0,0.35826771653543305,0.29411764705882354,0.11189742402109237
9,83.0,52.0,32.0,118.0,99.0,117.0,95.0,34.0,19.0,30.0,86.0,136.0,20.0,0.22415268743580966,0.3579185520361991,0.11189742402109237
9,33.0,14.0,74.0,104.0,55.0,117.0,95.0,34.0,19.0,30.0,86.0,136.0,38.0,0.27755905511811024,0.3190045248868778,0.11189742402109237
9,41.0,23.0,158.0,166.0,121.0,117.0,95.0,34.0,19.0,30.0,86.0,136.0,20.0,0.17973296816158849,0.4144796380090498,0.11189742402109237
9,41.0,14.0,74.0,104.0,50.0,88.0,91.0,41.0,147.0,12.0,60.0,42.0,20.0,0.3548442314275933,0.29592760180995475,0.11189742402109237
9,83.0,52.0,32.0,118.0,99.0,180.0,38.0,86.0,97.0,89.0,136.0,136.0,20.0,0.1390790825059911,0.4687782805429864,0.11189742402109237
9,41.0,16.0,159.0,166.0,121.0,117.0,81.0,125.0,108.0,28.0,160.0,136.0,20.0,0.12427250941458405,0.5194570135746607,0.11189742402109237
9,33.0,14.0,74.0,104.0,99.0,180.0,38.0,86.0,97.0,89.0,136.0,136.0,20.0,0.16312906538856556,0.4416289592760181,0.11189742402109237
9,41.0,57.0,74.0,85.0,99.0,180.0,38.0,86.0,97.0,89.0,136.0,136.0,20.0,0.15893529613146182,0.45610859728506786,0.11189742402109237
10,33.0,13.0,62.0,85.0,55.0,88.0,91.0,41.0,147.0,12.0,60.0,42.0,20.0,0.3816330023964396,0.28009049773755657,0.11360982493753302
10,41.0,23.0,162.0,166.0,121.0,180.0,38.0,86.0,97.0,89.0,136.0,136.0,20.0,0.1032180760013694,0.5271493212669683,0.11360982493753302
10,83.0,52.0,32.0,126.0,99.0,180.0,95.0,34.0,19.0,30.0,86.0,136.0,20.0,0.17998972954467649,0.3900452488687783,0.11360982493753302
10,41.0,14.0,74.0,104.0,50.0,88.0,91.0,41.0,147.0,12.0,60.0,42.0,20.0,0.3548442314275933,0.29592760180995475,0.11360982493753302
10,83.0,52.0,32.0,118.0,99.0,180.0,38.0,86.0,97.0,89.0,136.0,136.0,20.0,0.1390790825059911,0.4687782805429864,0.11360982493753302
10,33.0,13.0,72.0,104.0,55.0,117.0,95.0,34.0,19.0,31.0,86.0,136.0,38.0,0.2783293392673742,0.3180995475113122,0.11360982493753302
10,83.0,52.0,32.0,118.0,94.0,117.0,95.0,34.0,19.0,30.0,86.0,136.0,20.0,0.22646353988360152,0.3556561085972851,0.11360982493753302
10,33.0,14.0,74.0,104.0,55.0,117.0,95.0,34.0,19.0,30.0,86.0,136.0,38.0,0.27755905511811024,0.3190045248868778,0.11360982493753302
10,83.0,52.0,32.0,118.0,99.0,117.0,95.0,34.0,19.0,30.0,86.0,136.0,20.0,0.22415268743580966,0.3579185520361991,0.11360982493753302
10,41.0,16.0,159.0,166.0,121.0,117.0,81.0,125.0,108.0,28.0,160.0,136.0,20.0,0.12427250941458405,0.5194570135746607,0.11360982493753302
11,41.0,23.0,162.0,166.0,121.0,180.0,38.0,86.0,97.0,89.0,136.0,136.0,20.0,0.1032180760013694,0.5271493212669683,0.11491446709039393
11,33.0,13.0,62.0,85.0,55.0,88.0,91.0,41.0,147.0,12.0,60.0,42.0,20.0,0.3816330023964396,0.28009049773755657,0.11491446709039393
11,41.0,14.0,32.0,118.0,99.0,180.0,38.0,86.0,97.0,89.0,136.0,136.0,20.0,0.16458404655939746,0.432579185520362,0.11491446709039393
11,41.0,14.0,74.0,104.0,50.0,88.0,91.0,41.0,147.0,12.0,60.0,42.0,20.0,0.3548442314275933,0.29592760180995475,0.11491446709039393
11,33.0,13.0,72.0,104.0,55.0,117.0,95.0,34.0,19.0,31.0,96.0,136.0,20.0,0.27413557001027045,0.31447963800904977,0.11491446709039393
11,33.0,13.0,62.0,166.0,121.0,180.0,38.0,86.0,97.0,89.0,136.0,136.0,21.0,0.12144813420061623,0.47420814479638007,0.11491446709039393
11,41.0,14.0,74.0,104.0,55.0,117.0,95.0,34.0,19.0,31.0,86.0,136.0,38.0,0.2726805888394386,0.3230769230769231,0.11491446709039393
11,83.0,52.0,32.0,118.0,99.0,180.0,38.0,86.0,97.0,89.0,136.0,136.0,20.0,0.1390790825059911,0.4687782805429864,0.11491446709039393
11,83.0,52.0,27.0,118.0,94.0,117.0,95.0,34.0,19.0,30.0,86.0,136.0,20.0,0.22740499828825744,0.35339366515837106,0.11491446709039393
11,83.0,45.0,32.0,126.0,99.0,180.0,95.0,34.0,19.0,30.0,86.0,136.0,20.0,0.1813591235878124,0.38687782805429866,0.11491446709039393
12,41.0,23.0,162.0,166.0,121.0,180.0,38.0,86.0,97.0,89.0,136.0,136.0,20.0,0.1032180760013694,0.5271493212669683,0.1153182756788492
12,36.0,14.0,62.0,85.0,55.0,88.0,91.0,41.0,147.0,12.0,60.0,27.0,20.0,0.38651146867511127,0.2751131221719457,0.1153182756788492
12,83.0,52.0,27.0,118.0,94.0,117.0,95.0,34.0,19.0,30.0,86.0,136.0,20.0,0.22740499828825744,0.35339366515837106,0.1153182756788492
12,41.0,14.0,74.0,104.0,50.0,88.0,91.0,41.0,147.0,12.0,60.0,42.0,20.0,0.3548442314275933,0.29592760180995475,0.1153182756788492
12,83.0,45.0,32.0,126.0,99.0,180.0,95.0,34.0,19.0,30.0,86.0,136.0,20.0,0.1813591235878124,0.38687782805429866,0.1153182756788492
12,33.0,13.0,72.0,104.0,55.0,117.0,95.0,34.0,19.0,31.0,96.0,136.0,20.0,0.27413557001027045,0.31447963800904977,0.1153182756788492
12,41.0,14.0,74.0,104.0,55.0,117.0,95.0,34.0,19.0,31.0,86.0,136.0,38.0,0.2726805888394386,0.3230769230769231,0.1153182756788492
12,83.0,52.0,32.0,118.0,99.0,180.0,38.0,86.0,97.0,89.0,136.0,136.0,20.0,0.1390790825059911,0.4687782805429864,0.1153182756788492
12,33.0,13.0,53.0,179.0,121.0,180.0,38.0,86.0,97.0,89.0,136.0,136.0,20.0,0.11990756590208833,0.4755656108597285,0.1153182756788492
12,41.0,23.0,162.0,166.0,133.0,117.0,95.0,34.0,19.0,31.0,96.0,136.0,20.0,0.1702327969873331,0.4266968325791855,0.1153182756788492
13,21.0,14.0,62.0,85.0,55.0,88.0,91.0,43.0,147.0,12.0,60.0,27.0,20.0,0.3915611092091749,0.2692307692307692,0.11622274960072249
13,41.0,23.0,162.0,166.0,121.0,180.0,38.0,86.0,97.0,89.0,136.0,136.0,20.0,0.1032180760013694,0.5271493212669683,0.11622274960072249
13,83.0,45.0,32.0,126.0,99.0,180.0,95.0,34.0,19.0,30.0,86.0,136.0,20.0,0.1813591235878124,0.38687782805429866,0.11622274960072249
13,83.0,52.0,27.0,118.0,94.0,117.0,95.0,34.0,19.0,30.0,86.0,136.0,20.0,0.22740499828825744,0.35339366515837106,0.11622274960072249
13,41.0,14.0,74.0,104.0,50.0,88.0,91.0,36.0,147.0,12.0,73.0,42.0,20.0,0.34602875727490584,0.2995475113122172,0.11622274960072249
13,41.0,23.0,162.0,166.0,133.0,117.0,95.0,34.0,19.0,31.0,96.0,136.0,20.0,0.1702327969873331,0.4266968325791855,0.11622274960072249
13,33.0,13.0,72.0,104.0,55.0,117.0,95.0,34.0,19.0,31.0,96.0,136.0,20.0,0.27413557001027045,0.31447963800904977,0.11622274960072249
13,41.0,14.0,74.0,104.0,55.0,117.0,95.0,34.0,19.0,31.0,86.0,136.0,38.0,0.2726805888394386,0.3230769230769231,0.11622274960072249
13,33.0,13.0,72.0,104.0,99.0,180.0,95.0,32.0,19.0,30.0,86.0,136.0,20.0,0.20866141732283464,0.3570135746606335,0.11622274960072249
13,33.0,13.0,53.0,179.0,121.0,180.0,38.0,86.0,97.0,89.0,136.0,136.0,20.0,0.11990756590208833,0.4755656108597285,0.11622274960072249
14,21.0,14.0,62.0,85.0,55.0,88.0,91.0,43.0,147.0,12.0,60.0,27.0,20.0,0.3915611092091749,0.2692307692307692,0.11886719821049321
14,83.0,23.0,162.0,166.0,121.0,180.0,38.0,86.0,97.0,89.0,136.0,136.0,20.0,0.09192057514549812,0.5461538461538461,0.11886719821049321
14,33.0,13.0,53.0,179.0,121.0,180.0,38.0,86.0,97.0,89.0,136.0,136.0,20.0,0.11990756590208833,0.4755656108597285,0.11886719821049321
14,41.0,23.0,162.0,166.0,133.0,117.0,95.0,34.0,19.0,31.0,96.0,136.0,20.0,0.1702327969873331,0.4266968325791855,0.11886719821049321
14,41.0,23.0,162.0,166.0,121.0,180.0,38.0,86.0,97.0,89.0,136.0,136.0,20.0,0.1032180760013694,0.5271493212669683,0.11886719821049321
14,41.0,14.0,74.0,104.0,50.0,88.0,91.0,36.0,147.0,12.0,73.0,42.0,20.0,0.34602875727490584,0.2995475113122172,0.11886719821049321
14,21.0,14.0,59.0,85.0,99.0,180.0,95.0,34.0,19.0,30.0,86.0,139.0,20.0,0.2262923656282095,0.3398190045248869,0.11886719821049321
14,33.0,13.0,72.0,104.0,55.0,117.0,95.0,34.0,19.0,30.0,86.0,136.0,20.0,0.27867168777815815,0.3095022624434389,0.11886719821049321
14,83.0,45.0,32.0,126.0,99.0,180.0,95.0,34.0,19.0,30.0,86.0,136.0,20.0,0.1813591235878124,0.38687782805429866,0.11886719821049321
14,41.0,14.0,74.0,104.0,55.0,117.0,95.0,34.0,19.0,31.0,86.0,136.0,38.0,0.2726805888394386,0.3230769230769231,0.11886719821049321
15,83.0,23.0,162.0,166.0,121.0,180.0,38.0,86.0,97.0,96.0,136.0,136.0,20.0,0.09029441971927422,0.5493212669683258,0.12022435445618482
15,21.0,14.0,59.0,85.0,55.0,88.0,91.0,43.0,147.0,12.0,60.0,27.0,20.0,0.3925025676138309,0.2678733031674208,0.12022435445618482
15,21.0,14.0,62.0,85.0,55.0,88.0,91.0,43.0,19.0,30.0,86.0,139.0,20.0,0.3266004792879151,0.2819004524886878,0.12022435445618482
15,83.0,45.0,32.0,126.0,99.0,180.0,95.0,34.0,19.0,30.0,86.0,136.0,20.0,0.1813591235878124,0.38687782805429866,0.12022435445618482
15,79.0,23.0,162.0,166.0,121.0,178.0,38.0,19.0,19.0,31.0,96.0,136.0,20.0,0.16766518315645326,0.4334841628959276,0.12022435445618482
15,33.0,13.0,72.0,104.0,55.0,117.0,95.0,34.0,19.0,30.0,86.0,136.0,20.0,0.27867168777815815,0.3095022624434389,0.12022435445618482
15,21.0,14.0,62.0,85.0,99.0,180.0,98.0,59.0,19.0,30.0,86.0,139.0,20.0,0.21773365285861007,0.35384615384615387,0.12022435445618482
15,21.0,13.0,62.0,179.0,121.0,180.0,38.0,86.0,97.0,89.0,136.0,136.0,20.0,0.12144813420061623,0.47420814479638007,0.12022435445618482
15,21.0,14.0,59.0,85.0,99.0,180.0,95.0,34.0,19.0,30.0,86.0,139.0,20.0,0.2262923656282095,0.3398190045248869,0.12022435445618482
15,41.0,14.0,74.0,104.0,55.0,117.0,95.0,34.0,19.0,31.0,86.0,136.0,38.0,0.2726805888394386,0.3230769230769231,0.12022435445618482
16,83.0,23.0,162.0,166.0,121.0,180.0,38.0,86.0,97.0,96.0,136.0,136.0,20.0,0.09029441971927422,0.5493212669683258,0.12035695641330293
16,21.0,14.0,62.0,85.0,55.0,88.0,91.0,43.0,147.0,12.0,60.0,22.0,20.0,0.39447107155083877,0.2669683257918552,0.12035695641330293
16,21.0,30.0,62.0,166.0,119.0,180.0,38.0,86.0,97.0,96.0,136.0,136.0,20.0,0.11811023622047244,0.47828054298642536,0.12035695641330293
16,83.0,45.0,32.0,126.0,99.0,180.0,95.0,34.0,19.0,30.0,86.0,136.0,20.0,0.1813591235878124,0.38687782805429866,0.12035695641330293
16,21.0,13.0,62.0,179.0,121.0,180.0,38.0,86.0,97.0,89.0,136.0,136.0,20.0,0.12144813420061623,0.47420814479638007,0.12035695641330293
16,79.0,32.0,162.0,166.0,121.0,178.0,38.0,19.0,19.0,31.0,96.0,136.0,20.0,0.16492639507018145,0.43755656108597285,0.12035695641330293
16,21.0,14.0,62.0,85.0,55.0,88.0,91.0,43.0,19.0,30.0,86.0,139.0,20.0,0.3266004792879151,0.2819004524886878,0.12035695641330293
16,21.0,14.0,59.0,85.0,99.0,180.0,95.0,34.0,19.0,30.0,86.0,139.0,20.0,0.2262923656282095,0.3398190045248869,0.12035695641330293
16,41.0,14.0,74.0,104.0,55.0,117.0,95.0,34.0,19.0,31.0,86.0,136.0,38.0,0.2726805888394386,0.3230769230769231,0.12035695641330293
16,21.0,14.0,59.0,85.0,55.0,88.0,91.0,43.0,147.0,12.0,60.0,27.0,20.0,0.3925025676138309,0.2678733031674208,0.12035695641330293
17,21.0,14.0,62.0,85.0,55.0,88.0,91.0,43.0,147.0,12.0,60.0,22.0,20.0,0.39447107155083877,0.2669683257918552,0.12142013442988128
17,83.0,23.0,148.0,166.0,119.0,180.0,38.0,86.0,97.0,96.0,142.0,136.0,20.0,0.09003765833618624,0.5447963800904977,0.12142013442988128
17,21.0,14.0,59.0,85.0,99.0,180.0,95.0,34.0,19.0,30.0,86.0,139.0,20.0,0.2262923656282095,0.3398190045248869,0.12142013442988128
17,79.0,32.0,162.0,166.0,121.0,178.0,38.0,19.0,19.0,31.0,96.0,136.0,20.0,0.16492639507018145,0.43755656108597285,0.12142013442988128
17,41.0,14.0,74.0,104.0,55.0,117.0,95.0,34.0,19.0,31.0,86.0,136.0,38.0,0.2726805888394386,0.3230769230769231,0.12142013442988128
17,83.0,45.0,32.0,85.0,55.0,88.0,91.0,43.0,19.0,30.0,86.0,139.0,20.0,0.2986990756590209,0.31040723981900453,0.12142013442988128
17,21.0,14.0,78.0,126.0,99.0,180.0,95.0,34.0,19.0,30.0,86.0,136.0,20.0,0.19762067785005136,0.36561085972850677,0.12142013442988128
17,79.0,32.0,62.0,166.0,119.0,180.0,38.0,86.0,97.0,96.0,136.0,136.0,20.0,0.10107839780896953,0.5054298642533936,0.12142013442988128
17,70.0,23.0,162.0,166.0,121.0,180.0,38.0,86.0,19.0,31.0,86.0,136.0,38.0,0.14173228346456693,0.4642533936651584,0.12142013442988128
17,21.0,14.0,62.0,85.0,55.0,88.0,91.0,34.0,19.0,30.0,86.0,136.0,20.0,0.3307942485450188,0.27647058823529413,0.12142013442988128
18,21.0,14.0,62.0,85.0,55.0,88.0,91.0,43.0,147.0,12.0,60.0,22.0,20.0,0.39447107155083877,0.2669683257918552,0.12150161647362445
18,83.0,23.0,148.0,166.0,119.0,180.0,38.0,86.0,97.0,96.0,142.0,136.0,20.0,0.09003765833618624,0.5447963800904977,0.12150161647362445
18,21.0,14.0,62.0,85.0,55.0,88.0,91.0,34.0,19.0,30.0,86.0,136.0,20.0,0.3307942485450188,0.27647058823529413,0.12150161647362445
18,79.0,32.0,62.0,166.0,119.0,180.0,38.0,86.0,97.0,96.0,136.0,136.0,20.0,0.10107839780896953,0.5054298642533936,0.12150161647362445
18,70.0,23.0,162.0,166.0,121.0,180.0,38.0,86.0,19.0,31.0,86.0,136.0,38.0,0.14173228346456693,0.4642533936651584,0.12150161647362445
18,83.0,45.0,32.0,85.0,55.0,88.0,91.0,43.0,19.0,30.0,86.0,139.0,20.0,0.2986990756590209,0.31040723981900453,0.12150161647362445
18,21.0,14.0,78.0,126.0,99.0,180.0,95.0,34.0,19.0,30.0,86.0,136.0,20.0,0.19762067785005136,0.36561085972850677,0.12150161647362445
18,41.0,14.0,74.0,104.0,55.0,117.0,95.0,34.0,19.0,31.0,86.0,136.0,38.0,0.2726805888394386,0.3230769230769231,0.12150161647362445
18,21.0,14.0,62.0,85.0,99.0,180.0,95.0,34.0,20.0,96.0,142.0,136.0,20.0,0.19616569667921946,0.39547511312217193,0.12150161647362445
18,21.0,10.0,59.0,85.0,99.0,180.0,95.0,34.0,19.0,30.0,86.0,139.0,20.0,0.22766175967134544,0.3380090497737557,0.12150161647362445
19,21.0,14.0,62.0,85.0,55.0,88.0,91.0,27.0,147.0,12.0,60.0,22.0,20.0,0.3996918863402944,0.25972850678733034,0.12194163500072033
19,83.0,23.0,148.0,166.0,119.0,180.0,38.0,86.0,97.0,96.0,142.0,136.0,20.0,0.09003765833618624,0.5447963800904977,0.12194163500072033
19,79.0,21.0,78.0,126.0,99.0,180.0,95.0,30.0,19.0,30.0,86.0,136.0,20.0,0.17844916124614857,0.3932126696832579,0.12194163500072033
19,70.0,34.0,162.0,166.0,121.0,175.0,38.0,86.0,19.0,31.0,86.0,136.0,20.0,0.14138993495378296,0.4588235294117647,0.12194163500072033
19,21.0,10.0,59.0,85.0,99.0,180.0,95.0,34.0,19.0,30.0,86.0,139.0,20.0,0.22766175967134544,0.3380090497737557,0.12194163500072033
19,21.0,14.0,78.0,126.0,99.0,180.0,95.0,34.0,19.0,30.0,86.0,136.0,20.0,0.19762067785005136,0.36561085972850677,0.12194163500072033
19,83.0,45.0,32.0,85.0,55.0,88.0,91.0,43.0,19.0,30.0,86.0,139.0,20.0,0.2986990756590209,0.31040723981900453,0.12194163500072033
19,79.0,32.0,62.0,166.0,119.0,180.0,38.0,86.0,97.0,96.0,136.0,136.0,20.0,0.10107839780896953,0.5054298642533936,0.12194163500072033
19,41.0,14.0,74.0,104.0,55.0,117.0,95.0,34.0,19.0,31.0,86.0,136.0,38.0,0.2726805888394386,0.3230769230769231,0.12194163500072033
19,21.0,32.0,62.0,166.0,119.0,180.0,38.0,82.0,97.0,96.0,136.0,136.0,20.0,0.1187949332420404,0.47737556561085975,0.12194163500072033
20,21.0,14.0,62.0,85.0,55.0,88.0,91.0,27.0,147.0,12.0,60.0,22.0,20.0,0.3996918863402944,0.25972850678733034,0.12242866835723834
20,83.0,23.0,148.0,166.0,119.0,180.0,38.0,86.0,97.0,96.0,142.0,136.0,20.0,0.09003765833618624,0.5447963800904977,0.12242866835723834
20,83.0,45.0,32.0,85.0,55.0,88.0,91.0,43.0,19.0,30.0,86.0,139.0,20.0,0.2986990756590209,0.31040723981900453,0.12242866835723834
20,21.0,14.0,78.0,126.0,99.0,180.0,38.0,86.0,97.0,96.0,142.0,136.0,20.0,0.1484936665525505,0.45384615384615384,0.12242866835723834
20,21.0,10.0,59.0,85.0,99.0,180.0,95.0,34.0,19.0,30.0,86.0,139.0,20.0,0.22766175967134544,0.3380090497737557,0.12242866835723834
20,79.0,32.0,62.0,166.0,119.0,180.0,38.0,86.0,97.0,96.0,136.0,136.0,20.0,0.10107839780896953,0.5054298642533936,0.12242866835723834
20,21.0,14.0,62.0,85.0,55.0,179.0,38.0,86.0,19.0,31.0,86.0,136.0,20.0,0.2524820267031838,0.3176470588235294,0.12242866835723834
20,79.0,21.0,78.0,126.0,103.0,180.0,95.0,30.0,19.0,30.0,86.0,136.0,20.0,0.1781068127353646,0.3950226244343891,0.12242866835723834
20,21.0,32.0,62.0,166.0,119.0,180.0,38.0,82.0,97.0,96.0,136.0,136.0,20.0,0.1187949332420404,0.47737556561085975,0.12242866835723834
20,21.0,14.0,78.0,126.0,96.0,180.0,96.0,34.0,19.0,30.0,83.0,136.0,20.0,0.19916124614857925,0.36334841628959275,0.12242866835723834
21,83.0,23.0,148.0,166.0,119.0,180.0,38.0,86.0,97.0,96.0,142.0,136.0,20.0,0.09003765833618624,0.5447963800904977,0.12257002266316161
21,21.0,14.0,62.0,85.0,55.0,88.0,91.0,27.0,147.0,12.0,60.0,22.0,20.0,0.3996918863402944,0.25972850678733034,0.12257002266316161
21,16.0,32.0,62.0,85.0,53.0,88.0,91.0,43.0,19.0,30.0,86.0,139.0,20.0,0.3233481684354673,0.2868778280542986,0.12257002266316161
21,21.0,14.0,78.0,126.0,96.0,180.0,96.0,34.0,19.0,30.0,83.0,136.0,20.0,0.19916124614857925,0.36334841628959275,0.12257002266316161
21,21.0,14.0,78.0,85.0,55.0,88.0,91.0,27.0,147.0,12.0,60.0,22.0,20.0,0.3933584388907908,0.2669683257918552,0.12257002266316161
21,21.0,10.0,59.0,85.0,99.0,180.0,95.0,34.0,19.0,30.0,86.0,139.0,20.0,0.22766175967134544,0.3380090497737557,0.12257002266316161
21,21.0,14.0,62.0,126.0,99.0,180.0,38.0,86.0,97.0,96.0,142.0,136.0,20.0,0.15285861006504622,0.446606334841629,0.12257002266316161
21,21.0,32.0,62.0,166.0,119.0,180.0,38.0,82.0,97.0,96.0,136.0,136.0,20.0,0.1187949332420404,0.47737556561085975,0.12257002266316161
21,79.0,21.0,78.0,126.0,103.0,180.0,95.0,30.0,19.0,30.0,86.0,139.0,20.0,0.1764806573091407,0.39638009049773754,0.12257002266316161
21,21.0,14.0,62.0,85.0,55.0,179.0,38.0,86.0,19.0,31.0,86.0,136.0,20.0,0.2524820267031838,0.3176470588235294,0.12257002266316161
22,83.0,23.0,148.0,166.0,119.0,180.0,38.0,85.0,97.0,96.0,142.0,139.0,20.0,0.08969530982540226,0.5457013574660633,0.12262098766770817
22,21.0,14.0,62.0,85.0,55.0,88.0,91.0,27.0,147.0,12.0,60.0,22.0,20.0,0.3996918863402944,0.25972850678733034,0.12262098766770817
22,21.0,32.0,62.0,166.0,119.0,180.0,38.0,82.0,97.0,96.0,136.0,136.0,20.0,0.1187949332420404,0.47737556561085975,0.12262098766770817
22,21.0,14.0,62.0,85.0,55.0,179.0,38.0,86.0,19.0,31.0,86.0,136.0,20.0,0.2524820267031838,0.3176470588235294,0.12262098766770817
22,16.0,32.0,62.0,85.0,53.0,88.0,91.0,43.0,19.0,30.0,86.0,139.0,20.0,0.3233481684354673,0.2868778280542986,0.12262098766770817
22,79.0,21.0,78.0,126.0,103.0,180.0,95.0,30.0,19.0,30.0,86.0,139.0,20.0,0.1764806573091407,0.39638009049773754,0.12262098766770817
22,21.0,14.0,78.0,126.0,96.0,180.0,96.0,34.0,19.0,30.0,83.0,136.0,20.0,0.19916124614857925,0.36334841628959275,0.12262098766770817
22,83.0,23.0,148.0,166.0,119.0,180.0,38.0,86.0,97.0,96.0,142.0,136.0,20.0,0.09003765833618624,0.5447963800904977,0.12262098766770817
22,21.0,14.0,78.0,126.0,55.0,88.0,91.0,27.0,147.0,12.0,60.0,22.0,20.0,0.3557001027045532,0.2855203619909502,0.12262098766770817
22,21.0,14.0,62.0,126.0,99.0,180.0,38.0,86.0,97.0,96.0,142.0,136.0,20.0,0.15285861006504622,0.446606334841629,0.12262098766770817
23,83.0,23.0,148.0,166.0,119.0,180.0,38.0,85.0,97.0,96.0,142.0,139.0,20.0,0.08969530982540226,0.5457013574660633,0.12579255229334774
23,21.0,14.0,62.0,85.0,55.0,179.0,17.0,86.0,19.0,12.0,60.0,22.0,20.0,0.3466278671687778,0.23619909502262443,0.12579255229334774
23,21.0,14.0,62.0,85.0,55.0,179.0,38.0,86.0,19.0,31.0,86.0,136.0,20.0,0.2524820267031838,0.3176470588235294,0.12579255229334774
23,79.0,21.0,78.0,126.0,103.0,180.0,95.0,30.0,19.0,30.0,86.0,139.0,20.0,0.1764806573091407,0.39638009049773754,0.12579255229334774
23,21.0,32.0,62.0,166.0,119.0,180.0,38.0,82.0,97.0,96.0,136.0,136.0,20.0,0.1187949332420404,0.47737556561085975,0.12579255229334774
23,16.0,32.0,62.0,85.0,53.0,88.0,91.0,43.0,19.0,30.0,86.0,139.0,20.0,0.3233481684354673,0.2868778280542986,0.12579255229334774
23,15.0,32.0,62.0,85.0,103.0,180.0,95.0,30.0,19.0,30.0,86.0,139.0,20.0,0.22090037658336187,0.34660633484162895,0.12579255229334774
23,21.0,14.0,78.0,126.0,96.0,180.0,96.0,34.0,19.0,30.0,83.0,136.0,20.0,0.19916124614857925,0.36334841628959275,0.12579255229334774
23,83.0,23.0,148.0,169.0,114.0,180.0,38.0,85.0,97.0,96.0,137.0,136.0,20.0,0.09123587812393016,0.5411764705882353,0.12579255229334774
23,21.0,14.0,62.0,126.0,99.0,180.0,38.0,86.0,97.0,96.0,142.0,136.0,20.0,0.15285861006504622,0.446606334841629,0.12579255229334774
24,21.0,14.0,62.0,85.0,55.0,179.0,17.0,86.0,19.0,12.0,60.0,22.0,20.0,0.3466278671687778,0.23619909502262443,0.12676239774080966
24,83.0,23.0,148.0,166.0,119.0,180.0,49.0,85.0,97.0,96.0,142.0,139.0,20.0,0.08601506333447449,0.5506787330316743,0.12676239774080966
24,21.0,14.0,62.0,126.0,99.0,180.0,38.0,86.0,97.0,96.0,142.0,136.0,20.0,0.15285861006504622,0.446606334841629,0.12676239774080966
24,79.0,21.0,78.0,126.0,103.0,180.0,95.0,30.0,19.0,30.0,86.0,139.0,20.0,0.1764806573091407,0.39638009049773754,0.12676239774080966
24,21.0,32.0,62.0,166.0,119.0,180.0,38.0,82.0,97.0,96.0,136.0,136.0,20.0,0.1187949332420404,0.47737556561085975,0.12676239774080966
24,15.0,32.0,62.0,85.0,103.0,180.0,95.0,30.0,19.0,30.0,86.0,139.0,20.0,0.22090037658336187,0.34660633484162895,0.12676239774080966
24,16.0,14.0,62.0,85.0,55.0,179.0,17.0,86.0,19.0,31.0,86.0,136.0,20.0,0.2629236562820952,0.3058823529411765,0.12676239774080966
24,79.0,21.0,78.0,166.0,119.0,180.0,38.0,82.0,97.0,96.0,136.0,136.0,20.0,0.10244779185210544,0.5058823529411764,0.12676239774080966
24,16.0,32.0,62.0,85.0,53.0,88.0,98.0,43.0,19.0,30.0,86.0,139.0,20.0,0.31812735364601163,0.2900452488687783,0.12676239774080966
24,21.0,14.0,64.0,85.0,55.0,179.0,38.0,86.0,19.0,31.0,86.0,136.0,20.0,0.2511982197877439,0.318552036199095,0.12676239774080966
25,83.0,23.0,148.0,166.0,119.0,180.0,49.0,85.0,97.0,96.0,142.0,139.0,20.0,0.08601506333447449,0.5506787330316743,0.12685700830776048
25,21.0,14.0,62.0,85.0,55.0,179.0,17.0,86.0,19.0,12.0,60.0,22.0,20.0,0.3466278671687778,0.23619909502262443,0.12685700830776048
25,16.0,32.0,62.0,85.0,53.0,88.0,98.0,43.0,19.0,30.0,86.0,139.0,20.0,0.31812735364601163,0.2900452488687783,0.12685700830776048
25,15.0,32.0,62.0,85.0,103.0,180.0,95.0,30.0,19.0,30.0,86.0,139.0,20.0,0.22090037658336187,0.34660633484162895,0.12685700830776048
25,79.0,21.0,78.0,126.0,103.0,180.0,95.0,30.0,19.0,30.0,86.0,139.0,20.0,0.1764806573091407,0.39638009049773754,0.12685700830776048
25,21.0,32.0,62.0,166.0,119.0,180.0,38.0,82.0,97.0,96.0,136.0,136.0,20.0,0.1187949332420404,0.47737556561085975,0.12685700830776048
25,21.0,32.0,62.0,126.0,103.0,180.0,95.0,30.0,19.0,30.0,86.0,139.0,20.0,0.19402601848681958,0.36787330316742084,0.12685700830776048
25,21.0,14.0,64.0,85.0,55.0,179.0,38.0,86.0,19.0,31.0,86.0,136.0,20.0,0.2511982197877439,0.318552036199095,0.12685700830776048
25,21.0,14.0,62.0,130.0,99.0,180.0,38.0,86.0,97.0,96.0,142.0,110.0,20.0,0.1575659020883259,0.43665158371040724,0.12685700830776048
25,21.0,14.0,66.0,126.0,98.0,180.0,49.0,85.0,97.0,96.0,142.0,139.0,20.0,0.14703868538171858,0.45384615384615384,0.12685700830776048
26,16.0,14.0,62.0,85.0,55.0,179.0,17.0,86.0,19.0,12.0,60.0,22.0,20.0,0.34833960972269773,0.2339366515837104,0.1276184626538051
26,83.0,23.0,148.0,166.0,119.0,180.0,49.0,85.0,97.0,96.0,142.0,139.0,20.0,0.08601506333447449,0.5506787330316743,0.1276184626538051
26,21.0,14.0,64.0,85.0,55.0,179.0,38.0,86.0,19.0,31.0,86.0,136.0,20.0,0.2511982197877439,0.318552036199095,0.1276184626538051
26,21.0,32.0,62.0,166.0,119.0,180.0,38.0,82.0,97.0,96.0,136.0,136.0,20.0,0.1187949332420404,0.47737556561085975,0.1276184626538051
26,15.0,32.0,62.0,85.0,103.0,180.0,95.0,30.0,19.0,30.0,86.0,139.0,20.0,0.22090037658336187,0.34660633484162895,0.1276184626538051
26,21.0,23.0,165.0,165.0,119.0,180.0,52.0,85.0,97.0,96.0,142.0,139.0,20.0,0.10279014036288942,0.5312217194570136,0.1276184626538051
26,21.0,32.0,62.0,85.0,53.0,88.0,98.0,43.0,19.0,30.0,86.0,139.0,20.0,0.3158165011982198,0.2923076923076923,0.1276184626538051
26,21.0,32.0,62.0,126.0,103.0,180.0,95.0,30.0,19.0,30.0,86.0,139.0,20.0,0.19402601848681958,0.36787330316742084,0.1276184626538051
26,83.0,14.0,62.0,85.0,55.0,179.0,17.0,86.0,19.0,12.0,60.0,22.0,20.0,0.31932557343375556,0.2642533936651584,0.1276184626538051
26,83.0,23.0,148.0,166.0,103.0,180.0,95.0,30.0,19.0,30.0,86.0,139.0,20.0,0.14301609038000684,0.448868778280543,0.1276184626538051
27,16.0,14.0,62.0,85.0,55.0,179.0,17.0,86.0,19.0,12.0,60.0,22.0,20.0,0.34833960972269773,0.2339366515837104,0.12774967043146757
27,83.0,23.0,148.0,166.0,119.0,180.0,49.0,85.0,97.0,96.0,142.0,139.0,20.0,0.08601506333447449,0.5506787330316743,0.12774967043146757
27,83.0,23.0,148.0,166.0,119.0,180.0,49.0,85.0,97.0,12.0,60.0,22.0,20.0,0.18632317699418008,0.42262443438914027,0.12774967043146757
27,21.0,32.0,62.0,85.0,53.0,88.0,98.0,43.0,19.0,30.0,86.0,139.0,20.0,0.3158165011982198,0.2923076923076923,0.12774967043146757
27,83.0,23.0,148.0,166.0,103.0,180.0,95.0,30.0,19.0,30.0,86.0,139.0,20.0,0.14301609038000684,0.448868778280543,0.12774967043146757
27,21.0,32.0,62.0,126.0,103.0,180.0,95.0,30.0,19.0,30.0,86.0,139.0,20.0,0.19402601848681958,0.36787330316742084,0.12774967043146757
27,21.0,14.0,64.0,85.0,55.0,179.0,38.0,86.0,19.0,31.0,86.0,136.0,20.0,0.2511982197877439,0.318552036199095,0.12774967043146757
27,83.0,14.0,62.0,85.0,55.0,179.0,17.0,86.0,19.0,12.0,60.0,22.0,20.0,0.31932557343375556,0.2642533936651584,0.12774967043146757
27,21.0,32.0,62.0,85.0,55.0,179.0,17.0,86.0,19.0,12.0,60.0,22.0,20.0,0.3400376583361862,0.24434389140271492,0.12774967043146757
27,21.0,32.0,62.0,166.0,119.0,180.0,38.0,82.0,97.0,96.0,136.0,136.0,20.0,0.1187949332420404,0.47737556561085975,0.12774967043146757
28,16.0,14.0,62.0,85.0,55.0,179.0,17.0,86.0,19.0,12.0,60.0,22.0,20.0,0.34833960972269773,0.2339366515837104,0.1277902952717178
28,83.0,23.0,148.0,166.0,119.0,180.0,49.0,85.0,97.0,96.0,142.0,139.0,20.0,0.08601506333447449,0.5506787330316743,0.1277902952717178
28,21.0,14.0,64.0,85.0,55.0,179.0,38.0,86.0,19.0,31.0,86.0,136.0,20.0,0.2511982197877439,0.318552036199095,0.1277902952717178
28,21.0,32.0,62.0,166.0,119.0,180.0,38.0,82.0,97.0,96.0,136.0,136.0,20.0,0.1187949332420404,0.47737556561085975,0.1277902952717178
28,83.0,23.0,148.0,166.0,119.0,180.0,49.0,85.0,97.0,12.0,60.0,22.0,15.0,0.18632317699418008,0.42036199095022625,0.1277902952717178
28,21.0,32.0,62.0,85.0,53.0,88.0,98.0,43.0,19.0,30.0,86.0,139.0,20.0,0.3158165011982198,0.2923076923076923,0.1277902952717178
28,16.0,14.0,62.0,126.0,103.0,180.0,95.0,30.0,19.0,30.0,86.0,139.0,20.0,0.20198562136254708,0.3574660633484163,0.1277902952717178
28,83.0,23.0,148.0,166.0,119.0,173.0,49.0,85.0,97.0,96.0,142.0,139.0,20.0,0.0892673741869223,0.5475113122171946,0.1277902952717178
28,83.0,23.0,148.0,166.0,103.0,180.0,95.0,30.0,19.0,30.0,86.0,139.0,20.0,0.14301609038000684,0.448868778280543,0.1277902952717178
28,21.0,32.0,62.0,126.0,103.0,180.0,95.0,30.0,19.0,30.0,86.0,139.0,20.0,0.19402601848681958,0.36787330316742084,0.1277902952717178
29,16.0,14.0,62.0,85.0,55.0,179.0,17.0,86.0,19.0,12.0,60.0,22.0,20.0,0.34833960972269773,0.2339366515837104,0.1280265699622487
29,88.0,23.0,148.0,166.0,119.0,180.0,49.0,85.0,97.0,96.0,142.0,139.0,13.0,0.08464566929133858,0.5497737556561086,0.1280265699622487
29,21.0,32.0,62.0,85.0,53.0,88.0,98.0,43.0,19.0,30.0,86.0,139.0,20.0,0.3158165011982198,0.2923076923076923,0.1280265699622487
29,16.0,14.0,62.0,126.0,103.0,180.0,95.0,30.0,19.0,30.0,86.0,139.0,20.0,0.20198562136254708,0.3574660633484163,0.1280265699622487
29,16.0,32.0,62.0,166.0,119.0,180.0,38.0,82.0,97.0,96.0,136.0,153.0,35.0,0.11776788770968846,0.48959276018099546,0.1280265699622487
29,21.0,14.0,59.0,85.0,55.0,180.0,38.0,86.0,19.0,31.0,87.0,136.0,20.0,0.25128380691543994,0.3171945701357466,0.1280265699622487
29,83.0,23.0,148.0,166.0,119.0,173.0,49.0,85.0,97.0,96.0,142.0,139.0,20.0,0.0892673741869223,0.5475113122171946,0.1280265699622487
29,21.0,14.0,50.0,85.0,55.0,179.0,38.0,86.0,31.0,31.0,86.0,139.0,20.0,0.25,0.3190045248868778,0.1280265699622487
29,21.0,14.0,62.0,85.0,55.0,179.0,17.0,85.0,19.0,12.0,60.0,22.0,20.0,0.34722697706264977,0.23574660633484162,0.1280265699622487
29,83.0,23.0,148.0,166.0,119.0,180.0,49.0,85.0,97.0,12.0,60.0,22.0,15.0,0.18632317699418008,0.42036199095022625,0.1280265699622487
30,16.0,14.0,62.0,85.0,55.0,179.0,17.0,86.0,19.0,12.0,60.0,22.0,20.0,0.34833960972269773,0.2339366515837104,0.12860515443635645
30,90.0,23.0,148.0,166.0,119.0,180.0,49.0,85.0,97.0,96.0,141.0,139.0,13.0,0.0842177336528586,0.5502262443438914,0.12860515443635645
30,16.0,14.0,62.0,126.0,55.0,179.0,17.0,86.0,37.0,12.0,60.0,18.0,20.0,0.31051009928106815,0.25882352941176473,0.12860515443635645
30,83.0,23.0,148.0,166.0,119.0,180.0,49.0,85.0,97.0,12.0,60.0,22.0,15.0,0.18632317699418008,0.42036199095022625,0.12860515443635645
30,21.0,14.0,59.0,85.0,55.0,180.0,38.0,86.0,19.0,31.0,87.0,136.0,20.0,0.25128380691543994,0.3171945701357466,0.12860515443635645
30,16.0,14.0,62.0,126.0,103.0,180.0,95.0,30.0,19.0,30.0,86.0,139.0,20.0,0.20198562136254708,0.3574660633484163,0.12860515443635645
30,83.0,23.0,148.0,166.0,119.0,173.0,49.0,85.0,97.0,96.0,142.0,139.0,20.0,0.0892673741869223,0.5475113122171946,0.12860515443635645
30,16.0,14.0,62.0,126.0,101.0,180.0,49.0,85.0,97.0,96.0,142.0,139.0,13.0,0.14909277644642246,0.4479638009049774,0.12860515443635645
30,16.0,32.0,55.0,166.0,125.0,180.0,38.0,82.0,97.0,96.0,136.0,159.0,35.0,0.11691201643272851,0.4918552036199095,0.12860515443635645
30,16.0,19.0,62.0,85.0,103.0,180.0,95.0,30.0,19.0,30.0,86.0,139.0,12.0,0.2250085587127696,0.3375565610859729,0.12860515443635645
31,90.0,23.0,148.0,166.0,119.0,180.0,49.0,85.0,97.0,96.0,141.0,139.0,13.0,0.0842177336528586,0.5502262443438914,0.12916642784888951
31,16.0,14.0,62.0,85.0,55.0,179.0,17.0,86.0,19.0,12.0,60.0,22.0,20.0,0.34833960972269773,0.2339366515837104,0.12916642784888951
31,16.0,14.0,62.0,126.0,101.0,180.0,49.0,85.0,97.0,96.0,142.0,139.0,13.0,0.14909277644642246,0.4479638009049774,0.12916642784888951
31,83.0,23.0,148.0,166.0,119.0,180.0,49.0,85.0,97.0,12.0,60.0,22.0,15.0,0.18632317699418008,0.42036199095022625,0.12916642784888951
31,16.0,14.0,55.0,126.0,103.0,180.0,95.0,30.0,19.0,12.0,60.0,22.0,15.0,0.28996918863402943,0.27918552036199096,0.12916642784888951
31,16.0,14.0,62.0,126.0,103.0,180.0,95.0,30.0,19.0,30.0,86.0,139.0,20.0,0.20198562136254708,0.3574660633484163,0.12916642784888951
31,16.0,32.0,55.0,166.0,125.0,180.0,38.0,82.0,97.0,96.0,136.0,159.0,35.0,0.11691201643272851,0.4918552036199095,0.12916642784888951
31,21.0,14.0,148.0,166.0,119.0,180.0,49.0,85.0,97.0,96.0,141.0,139.0,13.0,0.10758301951386512,0.5149321266968325,0.12916642784888951
31,16.0,14.0,62.0,85.0,55.0,179.0,38.0,86.0,19.0,31.0,87.0,136.0,20.0,0.2534234851078398,0.3158371040723982,0.12916642784888951
31,16.0,14.0,62.0,126.0,55.0,179.0,17.0,86.0,37.0,12.0,60.0,18.0,20.0,0.31051009928106815,0.25882352941176473,0.12916642784888951
32,16.0,14.0,62.0,85.0,55.0,179.0,17.0,86.0,19.0,12.0,60.0,22.0,20.0,0.34833960972269773,0.2339366515837104,0.1295929693079138
32,90.0,23.0,148.0,166.0,119.0,180.0,49.0,85.0,97.0,96.0,136.0,159.0,35.0,0.08087983567271483,0.5669683257918552,0.1295929693079138
32,16.0,14.0,62.0,126.0,101.0,180.0,49.0,85.0,97.0,96.0,142.0,139.0,13.0,0.14909277644642246,0.4479638009049774,0.1295929693079138
32,83.0,23.0,148.0,166.0,119.0,180.0,49.0,85.0,97.0,12.0,60.0,22.0,15.0,0.18632317699418008,0.42036199095022625,0.1295929693079138
32,16.0,14.0,62.0,126.0,55.0,179.0,17.0,86.0,37.0,12.0,60.0,18.0,20.0,0.31051009928106815,0.25882352941176473,0.1295929693079138
32,16.0,14.0,62.0,85.0,55.0,179.0,38.0,86.0,19.0,31.0,87.0,136.0,20.0,0.2534234851078398,0.3158371040723982,0.1295929693079138
32,16.0,14.0,55.0,126.0,103.0,180.0,95.0,85.0,97.0,12.0,60.0,22.0,15.0,0.2388736733995207,0.3393665158371041,0.1295929693079138
32,21.0,14.0,148.0,166.0,119.0,180.0,49.0,85.0,97.0,96.0,141.0,139.0,13.0,0.10758301951386512,0.5149321266968325,0.1295929693079138
32,90.0,23.0,148.0,166.0,119.0,180.0,49.0,85.0,97.0,96.0,141.0,139.0,13.0,0.0842177336528586,0.5502262443438914,0.1295929693079138
32,16.0,32.0,55.0,166.0,125.0,180.0,38.0,82.0,97.0,96.0,141.0,139.0,13.0,0.12007874015748031,0.4751131221719457,0.1295929693079138
33,90.0,23.0,148.0,166.0,119.0,180.0,49.0,85.0,97.0,96.0,136.0,159.0,35.0,0.08087983567271483,0.5669683257918552,0.129657798652603
33,16.0,14.0,62.0,85.0,55.0,179.0,17.0,86.0,19.0,12.0,60.0,22.0,20.0,0.34833960972269773,0.2339366515837104,0.129657798652603
33,77.0,23.0,148.0,166.0,119.0,180.0,49.0,85.0,97.0,12.0,60.0,15.0,11.0,0.19265662444368367,0.41266968325791853,0.129657798652603
33,16.0,14.0,55.0,126.0,103.0,180.0,95.0,85.0,97.0,12.0,60.0,22.0,15.0,0.2388736733995207,0.3393665158371041,0.129657798652603
33,16.0,14.0,85.0,126.0,55.0,179.0,17.0,86.0,37.0,12.0,60.0,22.0,20.0,0.30255049640534065,0.27104072398190043,0.129657798652603
33,16.0,14.0,62.0,85.0,55.0,179.0,38.0,86.0,19.0,31.0,87.0,136.0,20.0,0.2534234851078398,0.3158371040723982,0.129657798652603
33,21.0,14.0,148.0,166.0,119.0,180.0,49.0,85.0,97.0,96.0,141.0,139.0,13.0,0.10758301951386512,0.5149321266968325,0.129657798652603
33,16.0,14.0,62.0,126.0,101.0,180.0,49.0,85.0,97.0,96.0,142.0,139.0,13.0,0.14909277644642246,0.4479638009049774,0.129657798652603
33,16.0,32.0,55.0,166.0,125.0,180.0,38.0,82.0,97.0,96.0,141.0,139.0,13.0,0.12007874015748031,0.4751131221719457,0.129657798652603
33,83.0,23.0,148.0,166.0,119.0,180.0,49.0,85.0,97.0,12.0,60.0,22.0,15.0,0.18632317699418008,0.42036199095022625,0.129657798652603
34,16.0,14.0,62.0,85.0,55.0,179.0,17.0,86.0,19.0,12.0,60.0,22.0,15.0,0.34833960972269773,0.2316742081447964,0.12989988242419923
34,90.0,23.0,148.0,166.0,119.0,180.0,49.0,85.0,97.0,96.0,136.0,159.0,35.0,0.08087983567271483,0.5669683257918552,0.12989988242419923
34,77.0,23.0,164.0,166.0,119.0,180.0,49.0,85.0,19.0,12.0,60.0,22.0,20.0,0.22381033892502566,0.3918552036199095,0.12989988242419923
34,16.0,14.0,85.0,126.0,55.0,179.0,17.0,86.0,37.0,12.0,60.0,22.0,20.0,0.30255049640534065,0.27104072398190043,0.12989988242419923
34,16.0,14.0,62.0,126.0,101.0,180.0,49.0,85.0,97.0,96.0,142.0,139.0,13.0,0.14909277644642246,0.4479638009049774,0.12989988242419923
34,16.0,14.0,55.0,126.0,90.0,180.0,49.0,85.0,97.0,12.0,60.0,15.0,11.0,0.2597569325573434,0.3076923076923077,0.12989988242419923
34,16.0,14.0,62.0,85.0,55.0,179.0,12.0,86.0,97.0,12.0,60.0,15.0,11.0,0.31795617939061965,0.25972850678733034,0.12989988242419923
34,16.0,14.0,55.0,126.0,103.0,180.0,95.0,85.0,97.0,12.0,60.0,22.0,15.0,0.2388736733995207,0.3393665158371041,0.12989988242419923
34,16.0,32.0,55.0,166.0,125.0,180.0,38.0,82.0,97.0,96.0,141.0,139.0,13.0,0.12007874015748031,0.4751131221719457,0.12989988242419923
34,77.0,23.0,148.0,166.0,119.0,180.0,49.0,85.0,97.0,12.0,60.0,15.0,11.0,0.19265662444368367,0.41266968325791853,0.12989988242419923
35,90.0,23.0,148.0,166.0,119.0,180.0,49.0,85.0,97.0,96.0,136.0,159.0,35.0,0.08087983567271483,0.5669683257918552,0.12995723741791768
35,16.0,14.0,62.0,85.0,55.0,179.0,17.0,86.0,19.0,12.0,60.0,22.0,15.0,0.34833960972269773,0.2316742081447964,0.12995723741791768
35,16.0,32.0,55.0,166.0,125.0,180.0,38.0,82.0,97.0,96.0,141.0,139.0,13.0,0.12007874015748031,0.4751131221719457,0.12995723741791768
35,16.0,14.0,62.0,126.0,101.0,180.0,49.0,85.0,97.0,96.0,142.0,139.0,13.0,0.14909277644642246,0.4479638009049774,0.12995723741791768
35,77.0,23.0,148.0,166.0,119.0,180.0,49.0,85.0,97.0,12.0,60.0,15.0,11.0,0.19265662444368367,0.41266968325791853,0.12995723741791768
35,16.0,14.0,55.0,126.0,90.0,180.0,49.0,85.0,97.0,12.0,60.0,15.0,11.0,0.2597569325573434,0.3076923076923077,0.12995723741791768
35,16.0,14.0,55.0,126.0,103.0,180.0,95.0,85.0,97.0,12.0,60.0,22.0,13.0,0.2388736733995207,0.3384615384615385,0.12995723741791768
35,90.0,23.0,148.0,166.0,119.0,180.0,19.0,86.0,19.0,12.0,60.0,22.0,15.0,0.23065730914070523,0.3751131221719457,0.12995723741791768
35,16.0,14.0,85.0,126.0,55.0,179.0,17.0,89.0,37.0,12.0,81.0,22.0,20.0,0.2876583361862376,0.2819004524886878,0.12995723741791768
35,16.0,14.0,55.0,126.0,90.0,180.0,49.0,85.0,97.0,12.0,62.0,159.0,35.0,0.19317014720985964,0.38461538461538464,0.12995723741791768
36,90.0,23.0,148.0,166.0,119.0,180.0,49.0,85.0,97.0,96.0,136.0,159.0,35.0,0.08087983567271483,0.5669683257918552,0.12996482795050973
36,16.0,14.0,62.0,85.0,55.0,179.0,17.0,86.0,19.0,12.0,60.0,22.0,15.0,0.34833960972269773,0.2316742081447964,0.12996482795050973
36,16.0,14.0,85.0,126.0,55.0,179.0,17.0,89.0,37.0,12.0,81.0,22.0,20.0,0.2876583361862376,0.2819004524886878,0.12996482795050973
36,77.0,23.0,148.0,166.0,119.0,180.0,49.0,85.0,97.0,12.0,60.0,15.0,11.0,0.19265662444368367,0.41266968325791853,0.12996482795050973
36,90.0,23.0,148.0,126.0,101.0,180.0,49.0,85.0,97.0,96.0,142.0,139.0,13.0,0.10963711057856898,0.5244343891402715,0.12996482795050973
36,16.0,14.0,62.0,126.0,101.0,180.0,49.0,85.0,97.0,96.0,142.0,139.0,13.0,0.14909277644642246,0.4479638009049774,0.12996482795050973
36,90.0,23.0,148.0,166.0,119.0,180.0,19.0,86.0,19.0,12.0,60.0,22.0,11.0,0.23065730914070523,0.3733031674208145,0.12996482795050973
36,16.0,14.0,55.0,126.0,103.0,180.0,95.0,85.0,97.0,12.0,60.0,22.0,13.0,0.2388736733995207,0.3384615384615385,0.12996482795050973
36,16.0,14.0,55.0,126.0,90.0,180.0,49.0,85.0,97.0,12.0,62.0,159.0,35.0,0.19317014720985964,0.38461538461538464,0.12996482795050973
36,90.0,23.0,148.0,166.0,119.0,180.0,49.0,85.0,97.0,96.0,136.0,139.0,13.0,0.08507360492981855,0.5479638009049774,0.12996482795050973
37,16.0,14.0,62.0,85.0,55.0,179.0,17.0,86.0,19.0,12.0,60.0,22.0,15.0,0.34833960972269773,0.2316742081447964,0.13002520366638215
37,90.0,23.0,148.0,166.0,119.0,180.0,49.0,85.0,97.0,96.0,136.0,159.0,35.0,0.08087983567271483,0.5669683257918552,0.13002520366638215
37,16.0,14.0,85.0,126.0,55.0,179.0,17.0,89.0,37.0,12.0,81.0,22.0,20.0,0.2876583361862376,0.2819004524886878,0.13002520366638215
37,16.0,14.0,55.0,126.0,103.0,180.0,95.0,85.0,97.0,12.0,60.0,22.0,13.0,0.2388736733995207,0.3384615384615385,0.13002520366638215
37,77.0,23.0,148.0,166.0,119.0,180.0,49.0,85.0,97.0,12.0,60.0,15.0,11.0,0.19265662444368367,0.41266968325791853,0.13002520366638215
37,90.0,23.0,148.0,166.0,119.0,180.0,19.0,86.0,19.0,12.0,60.0,22.0,11.0,0.23065730914070523,0.3733031674208145,0.13002520366638215
37,16.0,14.0,62.0,126.0,101.0,180.0,49.0,85.0,97.0,96.0,142.0,139.0,13.0,0.14909277644642246,0.4479638009049774,0.13002520366638215
37,90.0,23.0,148.0,166.0,117.0,180.0,19.0,86.0,19.0,96.0,142.0,139.0,13.0,0.1156282095172886,0.5013574660633484,0.13002520366638215
37,16.0,14.0,62.0,166.0,119.0,169.0,49.0,54.0,97.0,83.0,132.0,159.0,35.0,0.13488531324888736,0.4638009049773756,0.13002520366638215
37,16.0,14.0,55.0,126.0,90.0,180.0,49.0,85.0,97.0,12.0,62.0,159.0,35.0,0.19317014720985964,0.38461538461538464,0.13002520366638215
38,90.0,23.0,148.0,166.0,119.0,180.0,49.0,85.0,97.0,96.0,136.0,159.0,35.0,0.08087983567271483,0.5669683257918552,0.13013952638174803
38,16.0,14.0,62.0,85.0,55.0,179.0,17.0,86.0,19.0,12.0,60.0,22.0,15.0,0.34833960972269773,0.2316742081447964,0.13013952638174803
38,16.0,14.0,62.0,126.0,101.0,180.0,49.0,85.0,97.0,96.0,142.0,139.0,13.0,0.14909277644642246,0.4479638009049774,0.13013952638174803
38,77.0,23.0,148.0,166.0,119.0,180.0,49.0,85.0,97.0,12.0,60.0,15.0,11.0,0.19265662444368367,0.41266968325791853,0.13013952638174803
38,90.0,23.0,148.0,166.0,119.0,180.0,19.0,86.0,19.0,12.0,60.0,22.0,11.0,0.23065730914070523,0.3733031674208145,0.13013952638174803
38,77.0,14.0,62.0,85.0,55.0,179.0,17.0,86.0,19.0,12.0,60.0,22.0,15.0,0.3225778842862034,0.25927601809954753,0.13013952638174803
38,16.0,14.0,85.0,126.0,58.0,179.0,17.0,85.0,97.0,12.0,60.0,22.0,13.0,0.27738788086271826,0.29592760180995475,0.13013952638174803
38,16.0,14.0,55.0,126.0,103.0,180.0,95.0,89.0,37.0,12.0,81.0,22.0,20.0,0.24897295446764806,0.3257918552036199,0.13013952638174803
38,16.0,14.0,55.0,126.0,90.0,180.0,49.0,85.0,97.0,12.0,62.0,159.0,35.0,0.19317014720985964,0.38461538461538464,0.13013952638174803
38,83.0,23.0,157.0,166.0,119.0,180.0,49.0,86.0,19.0,96.0,142.0,139.0,13.0,0.10561451557685723,0.5167420814479639,0.13013952638174803
39,16.0,14.0,62.0,85.0,55.0,179.0,17.0,86.0,19.0,12.0,60.0,22.0,15.0,0.34833960972269773,0.2316742081447964,0.13026267890033322
39,90.0,23.0,148.0,166.0,119.0,180.0,49.0,85.0,97.0,96.0,136.0,159.0,35.0,0.08087983567271483,0.5669683257918552,0.13026267890033322
39,83.0,23.0,157.0,166.0,119.0,180.0,49.0,86.0,19.0,96.0,142.0,139.0,13.0,0.10561451557685723,0.5167420814479639,0.13026267890033322
39,16.0,14.0,62.0,85.0,55.0,179.0,17.0,89.0,37.0,11.0,81.0,22.0,19.0,0.3218931872646354,0.2520361990950226,0.13026267890033322
39,16.0,14.0,62.0,126.0,101.0,180.0,49.0,85.0,97.0,96.0,136.0,159.0,35.0,0.14558370421088668,0.4642533936651584,0.13026267890033322
39,16.0,14.0,85.0,126.0,58.0,179.0,17.0,85.0,97.0,12.0,60.0,22.0,13.0,0.27738788086271826,0.29592760180995475,0.13026267890033322
39,16.0,14.0,85.0,166.0,119.0,180.0,49.0,85.0,97.0,12.0,60.0,15.0,11.0,0.2216706607326258,0.35248868778280545,0.13026267890033322
39,16.0,14.0,55.0,126.0,90.0,180.0,49.0,85.0,97.0,12.0,62.0,159.0,35.0,0.19317014720985964,0.38461538461538464,0.13026267890033322
39,16.0,14.0,62.0,126.0,101.0,180.0,49.0,85.0,97.0,96.0,142.0,139.0,13.0,0.14909277644642246,0.4479638009049774,0.13026267890033322
39,90.0,23.0,148.0,166.0,119.0,180.0,49.0,88.0,97.0,18.0,60.0,15.0,11.0,0.1841834988017802,0.42262443438914027,0.13026267890033322
40,16.0,14.0,62.0,85.0,55.0,179.0,17.0,86.0,19.0,12.0,60.0,22.0,15.0,0.34833960972269773,0.2316742081447964,0.1303172842623474
40,90.0,23.0,148.0,166.0,119.0,180.0,49.0,85.0,97.0,96.0,136.0,159.0,35.0,0.08087983567271483,0.5669683257918552,0.1303172842623474
40,16.0,14.0,62.0,85.0,55.0,179.0,17.0,89.0,37.0,11.0,81.0,22.0,19.0,0.3218931872646354,0.2520361990950226,0.1303172842623474
40,83.0,23.0,157.0,166.0,119.0,180.0,49.0,86.0,19.0,96.0,142.0,139.0,13.0,0.10561451557685723,0.5167420814479639,0.1303172842623474
40,16.0,14.0,85.0,126.0,58.0,179.0,17.0,85.0,97.0,12.0,60.0,22.0,13.0,0.27738788086271826,0.29592760180995475,0.1303172842623474
40,16.0,14.0,85.0,166.0,119.0,180.0,49.0,85.0,97.0,12.0,60.0,15.0,11.0,0.2216706607326258,0.35248868778280545,0.1303172842623474
40,90.0,23.0,148.0,166.0,119.0,180.0,49.0,85.0,97.0,96.0,136.0,22.0,25.0,0.12589866484080794,0.5004524886877828,0.1303172842623474
40,16.0,38.0,62.0,126.0,101.0,180.0,49.0,85.0,97.0,12.0,60.0,22.0,13.0,0.2409277644642246,0.33076923076923076,0.1303172842623474
40,16.0,14.0,62.0,126.0,101.0,180.0,49.0,85.0,97.0,96.0,136.0,159.0,35.0,0.14558370421088668,0.4642533936651584,0.1303172842623474
40,90.0,23.0,148.0,166.0,119.0,180.0,49.0,88.0,97.0,18.0,60.0,15.0,11.0,0.1841834988017802,0.42262443438914027,0.1303172842623474
